seed,step,action,feature,feature_count,equal_league_log_loss_delta,leagues_improved,worst_league_log_loss_delta,accepted
lineup_continuity,1,add,key_passes_per90_lineup_mean_3,8,-0.00394213931187728,2,0.0028389549195216857,True
lineup_continuity,1,add,key_passes_per90_lineup_mean_ewm,8,-0.0034447470734931818,3,0.0018010469355529413,False
lineup_continuity,1,add,key_passes_per90_sum_5,8,-0.0032689004443074545,2,0.003321973148621371,False
lineup_continuity,1,add,adjusted_key_passes_lineup_mean_3,8,-0.0030593967926955345,3,0.0036991636547240025,False
lineup_continuity,1,add,adjusted_key_passes_lineup_mean_ewm,8,-0.002686974049553914,2,0.0017749497198733533,False
lineup_continuity,1,add,adjusted_key_passes_lineup_mean_5,8,-0.0024212166079345286,3,0.0032532213693714507,False
lineup_continuity,1,add,mid_adjusted_key_passes_5,8,-0.0017934601934638471,3,0.0027866240145331123,False
lineup_continuity,1,add,adjusted_key_passes_lineup_mean_1,8,-0.0017085775329588105,3,0.004709453806214903,False
lineup_continuity,1,add,shots_per90_sum_5,8,-0.0016027645815562598,2,0.003182970628539561,False
lineup_continuity,1,add,gk_saves_per90_5,8,-0.0016023903495332892,2,0.0022736678993177106,False
lineup_continuity,1,remove,retained_starters,6,-0.0015857996351830606,3,0.0023353277621256385,False
lineup_continuity,1,add,shots_per90_lineup_mean_ewm,8,-0.0015468525823942203,2,0.0032127925332245955,False
lineup_continuity,1,remove,new_starters,6,-0.0015174092387535642,3,0.0027023846290499254,False
lineup_continuity,1,add,key_passes_per90_lineup_mean_1,8,-0.001505455278628931,3,0.006302508108220195,False
lineup_continuity,1,add,adjusted_key_passes_lineup_mean_std_5,8,-0.0014358988770258652,3,0.0022071823318441375,False
lineup_continuity,1,remove,replacement_quality,6,-0.0014294587868318054,3,0.002405708245411642,False
lineup_continuity,1,remove,mean_pairwise_prior_starts,6,-0.0014030461669955808,3,0.0029694353673638263,False
lineup_continuity,1,add,adjusted_shots_lineup_mean_5,8,-0.0013627125307862364,3,0.002986667845607416,False
lineup_continuity,1,remove,mean_pairwise_prior_minutes,6,-0.0012693444282784183,3,0.0029242899323188576,False
lineup_continuity,1,add,adjusted_shots_lineup_mean_1,8,-0.0011971157554468092,3,0.003377244014799219,False
lineup_continuity,1,add,adjusted_shots_lineup_mean_ewm,8,-0.0011886709073868572,2,0.0026112010955987586,False
lineup_continuity,1,add,mid_rating_mean_5,8,-0.0011779803608536587,2,0.001574137230514694,False
lineup_continuity,1,add,rating_lineup_std_across_starters_5,8,-0.0011006247006114301,3,0.004669667268190958,False
lineup_continuity,1,remove,new_player_pairs,6,-0.0010756211833410577,3,0.0030209291811185146,False
lineup_continuity,1,add,rating_lineup_min_5,8,-0.001073454000999452,3,0.004668415793112279,False
lineup_continuity,1,remove,missing_regular_starters,6,-0.0010725801092284827,3,0.0017972107378376734,False
lineup_continuity,1,add,rating_lineup_mean_trend_1_5,8,-0.001049443410902029,2,0.002360720659917548,False
lineup_continuity,1,add,adjusted_shots_lineup_std_across_starters_5,8,-0.0010163818249916857,2,0.0014763934008081847,False
lineup_continuity,1,add,gk_count,8,-0.0010011243798693226,3,0.0026463785444761356,False
lineup_continuity,1,add,shots_per90_lineup_mean_1,8,-0.0009773905199376375,3,0.004160052221043542,False
lineup_continuity,1,add,shots_per90_lineup_mean_3,8,-0.0009587772712632336,2,0.0034585822675006206,False
lineup_continuity,1,add,adjusted_shots_lineup_mean_3,8,-0.0008803015175486539,3,0.0031176522678793006,False
lineup_continuity,1,add,adjusted_rating_lineup_mean_trend_1_5,8,-0.0007592795704842725,2,0.0027928299023409764,False
lineup_continuity,1,add,adjusted_shots_lineup_mean_trend_1_5,8,-0.0007199201675285982,3,0.003980334069697333,False
lineup_continuity,1,add,shots_per90_lineup_mean_trend_1_5,8,-0.0006102990162325961,3,0.003924767833786369,False
lineup_continuity,1,add,adjusted_shots_lineup_mean_std_5,8,-0.000584342682139738,2,0.0035207473149547752,False
lineup_continuity,1,add,adjusted_rating_lineup_mean_ewm,8,-0.0005627459793988487,3,0.004888634336189801,False
lineup_continuity,1,add,adjusted_rating_lineup_mean_1,8,-0.0005419130545280427,2,0.0032710926338687107,False
lineup_continuity,1,add,rating_lineup_mean_ewm,8,-0.0005389145336853085,2,0.002942596929719876,False
lineup_continuity,1,add,def_adjusted_defensive_actions_5,8,-0.0005246527340932783,3,0.004384155248111643,False
lineup_continuity,1,add,fwd_adjusted_shots_5,8,-0.0004852443280786156,3,0.0039356502396088455,False
lineup_continuity,1,add,rating_lineup_max_5,8,-0.00047425621917289716,2,0.002827607525583531,False
lineup_continuity,1,add,fwd_rating_mean_5,8,-0.00046230659893760074,2,0.0027257811541231414,False
lineup_continuity,1,add,rating_mean_5,8,-0.00045097790700237005,2,0.0032045996749366923,False
lineup_continuity,1,add,adjusted_rating_lineup_std_across_starters_5,8,-0.00044836347195276183,2,0.002583178665867658,False
lineup_continuity,1,add,defensive_actions_per90_lineup_mean_1,8,-0.00044142127541049183,2,0.0027470828904607725,False
lineup_continuity,1,add,adjusted_defensive_actions_lineup_mean_1,8,-0.0004378903226760933,2,0.0027544150269501744,False
lineup_continuity,1,add,starters_without_full_window,8,-0.000418432775734523,3,0.0036940198095514187,False
lineup_continuity,1,add,rating_lineup_mean_1,8,-0.0004064028704883427,2,0.0031858498706802685,False
lineup_continuity,1,add,rating_lineup_mean_std_5,8,-0.0003315392302443598,2,0.003066004239254516,False
lineup_continuity,1,add,adjusted_rating_lineup_mean_std_5,8,-0.0003284389084238226,2,0.0028754022274790625,False
lineup_continuity,1,add,adjusted_key_passes_lineup_mean_trend_1_5,8,-0.00028698918348806223,3,0.008218894953310185,False
lineup_continuity,1,add,recent_minutes_sum_5,8,-0.000188333218127279,2,0.0035432203136231966,False
lineup_continuity,1,add,adjusted_defensive_actions_lineup_mean_trend_1_5,8,-0.00018137707799184,2,0.002539388931152242,False
lineup_continuity,1,add,defensive_actions_per90_lineup_mean_trend_1_5,8,-0.00017219063505682363,2,0.0026003611724469966,False
lineup_continuity,1,add,fwd_count,8,-0.00011348021352903803,3,0.004984481250381867,False
lineup_continuity,1,add,rating_lineup_mean_3,8,-5.870690127385281e-05,2,0.0025569973877308527,False
lineup_continuity,1,add,key_passes_per90_lineup_mean_trend_1_5,8,-6.539947768002818e-07,2,0.008385583723546919,False
lineup_continuity,1,add,mid_count,8,3.311916816512994e-05,2,0.0032761585406217986,False
lineup_continuity,1,add,adjusted_defensive_actions_lineup_mean_ewm,8,7.381884053720977e-05,2,0.0036444221507367924,False
lineup_continuity,1,add,starters_without_history,8,9.041066493049587e-05,3,0.0037218623618644475,False
lineup_continuity,1,add,adjusted_rating_lineup_mean_5,8,0.00011558148979973204,3,0.005321793513183293,False
lineup_continuity,1,add,gk_rating_mean_5,8,0.00015698225602736037,3,0.002368377734430993,False
lineup_continuity,1,add,defensive_actions_per90_lineup_mean_ewm,8,0.00015867583209754342,2,0.004140135944978529,False
lineup_continuity,1,add,rating_lineup_top3_mean_5,8,0.0001934425934581263,2,0.004651665921529324,False
lineup_continuity,1,add,adjusted_defensive_actions_lineup_mean_3,8,0.00034002749011856624,2,0.004085349088418511,False
lineup_continuity,1,add,defensive_actions_per90_lineup_mean_3,8,0.0004106005102396004,2,0.003625372824254791,False
lineup_continuity,1,add,def_rating_mean_5,8,0.00043198911530804016,1,0.0022032367179134482,False
lineup_continuity,1,add,adjusted_key_passes_lineup_std_across_starters_5,8,0.0004951853917811056,1,0.00465545333990991,False
lineup_continuity,1,add,adjusted_rating_lineup_mean_3,8,0.0005444811969816943,2,0.00422259801253988,False
lineup_continuity,1,add,adjusted_defensive_actions_lineup_mean_5,8,0.0006054883766445363,2,0.006832207853347372,False
lineup_continuity,1,add,adjusted_defensive_actions_lineup_mean_std_5,8,0.0006271301280136754,2,0.0051423837509770864,False
lineup_continuity,1,add,def_count,8,0.0007055066657053021,1,0.005545202272155159,False
lineup_continuity,1,add,defensive_actions_per90_sum_5,8,0.0008238300057152425,2,0.00597126608943177,False
lineup_continuity,1,add,adjusted_defensive_actions_lineup_std_across_starters_5,8,0.0020344940931987577,2,0.007164811207104993,False
lineup_continuity,1,add,defence_goal_rate_ewm,8,0.002287583835979978,2,0.008513180796414943,False
lineup_continuity,1,add,attack_goal_rate_ewm,8,0.0025334421983851164,1,0.008172566738208653,False
lineup_continuity,1,add,opponent_elo_rating,8,0.002814495997719013,2,0.012372845747324779,False
lineup_continuity,1,add,elo_difference,8,0.002814569390725108,2,0.012373222858998334,False
lineup_continuity,1,add,elo_rating,8,0.00281459727031248,2,0.012373399855608591,False
lineup_continuity,1,add,elo_expected_result,8,0.003724208817077934,1,0.014398229755472114,False
lineup_continuity,1,add,expected_goals_strength,8,0.00455345346983409,1,0.0125156960203745,False
lineup_continuity,1,add,prior_team_matches,8,0.034455761565681996,1,0.08417406187348053,False
lineup_continuity,2,remove,retained_starters,7,-0.004603025087980006,3,0.002491434800591108,True
lineup_continuity,2,remove,new_starters,7,-0.004429829775271621,3,0.0029159053763423426,False
lineup_continuity,2,remove,replacement_quality,7,-0.004406495895127205,2,0.002543883524618984,False
lineup_continuity,2,remove,mean_pairwise_prior_starts,7,-0.004331590945058439,3,0.00339960910307735,False
lineup_continuity,2,remove,mean_pairwise_prior_minutes,7,-0.004202132444708418,3,0.0033703192826746164,False
lineup_continuity,2,add,rating_lineup_mean_trend_1_5,9,-0.004192928505386306,2,0.0026032230756471986,False
lineup_continuity,2,add,rating_lineup_std_across_starters_5,9,-0.004161174784031307,2,0.004839649812976021,False
lineup_continuity,2,add,rating_lineup_min_5,9,-0.0041554991883764325,2,0.004769893850357421,False
lineup_continuity,2,add,gk_saves_per90_5,9,-0.004149745774758173,3,0.0025756089918936853,False
lineup_continuity,2,add,mid_rating_mean_5,9,-0.00410892598606849,2,0.0019091803185267153,False
lineup_continuity,2,add,adjusted_shots_lineup_std_across_starters_5,9,-0.0040743208443256625,2,0.001885561613892417,False
lineup_continuity,2,remove,new_player_pairs,7,-0.003978841505933128,2,0.0031683523842942485,False
lineup_continuity,2,remove,missing_regular_starters,7,-0.003974426355200111,3,0.0021647721341619963,False
lineup_continuity,2,add,gk_count,9,-0.00394215540620142,2,0.0028388584253955518,False
lineup_continuity,2,add,adjusted_rating_lineup_mean_trend_1_5,9,-0.0038623154662094316,2,0.0030785681450771207,False
lineup_continuity,2,add,shots_per90_lineup_mean_ewm,9,-0.003856920539624764,2,0.0037061570482708195,False
lineup_continuity,2,add,adjusted_rating_lineup_mean_1,9,-0.0036734297240962333,3,0.0035035670680562125,False
lineup_continuity,2,add,rating_lineup_mean_1,9,-0.0036525091361673256,2,0.0026822700151273304,False
lineup_continuity,2,add,adjusted_shots_lineup_mean_1,9,-0.00357134486219568,3,0.0036145636584692387,False
lineup_continuity,2,add,adjusted_shots_lineup_mean_ewm,9,-0.003514043626618513,2,0.0030402172875043654,False
lineup_continuity,2,add,shots_per90_sum_5,9,-0.0035080035482025983,2,0.003263123052130723,False
lineup_continuity,2,add,adjusted_shots_lineup_mean_trend_1_5,9,-0.0035014923707570532,2,0.004163039883773756,False
lineup_continuity,2,add,def_adjusted_defensive_actions_5,9,-0.0034972725781245552,2,0.004632352875722612,False
lineup_continuity,2,add,fwd_adjusted_shots_5,9,-0.003474118985970054,2,0.004273873937858053,False
lineup_continuity,2,add,key_passes_per90_sum_5,9,-0.003470984508145025,2,0.0028148072863016793,False
lineup_continuity,2,add,adjusted_defensive_actions_lineup_mean_1,9,-0.003395669453788419,2,0.003045217445232007,False
lineup_continuity,2,add,defensive_actions_per90_lineup_mean_1,9,-0.0033862638571074523,2,0.0030030892675589893,False
lineup_continuity,2,add,adjusted_key_passes_lineup_mean_std_5,9,-0.0033782574352547723,2,0.003211003377971755,False
lineup_continuity,2,add,adjusted_shots_lineup_mean_5,9,-0.0033756869940089417,3,0.0030706786334460112,False
lineup_continuity,2,add,starters_without_full_window,9,-0.003356524082554313,2,0.0040027387326829755,False
lineup_continuity,2,add,shots_per90_lineup_mean_trend_1_5,9,-0.003329683019126772,2,0.004075473423586495,False
lineup_continuity,2,add,adjusted_key_passes_lineup_mean_1,9,-0.003273315366510987,2,0.006115268469800594,False
lineup_continuity,2,add,adjusted_rating_lineup_std_across_starters_5,9,-0.0032681274242933878,2,0.002662715138031957,False
lineup_continuity,2,add,adjusted_shots_lineup_mean_std_5,9,-0.003235439315613653,2,0.003961547285598943,False
lineup_continuity,2,add,rating_lineup_mean_ewm,9,-0.003231286251822696,2,0.003051061850400605,False
lineup_continuity,2,add,shots_per90_lineup_mean_1,9,-0.003224438137300489,2,0.004384177323470961,False
lineup_continuity,2,add,fwd_rating_mean_5,9,-0.003180766973519056,2,0.003156494310599278,False
lineup_continuity,2,add,adjusted_rating_lineup_mean_ewm,9,-0.0031724998907590287,3,0.004933596380745198,False
lineup_continuity,2,add,rating_mean_5,9,-0.003165859309004637,2,0.0034941153730151386,False
lineup_continuity,2,add,key_passes_per90_lineup_mean_ewm,9,-0.003157186234221254,2,0.004844710848059597,False
lineup_continuity,2,add,adjusted_defensive_actions_lineup_mean_trend_1_5,9,-0.003137801365811832,2,0.0028462182214814558,False
lineup_continuity,2,add,adjusted_shots_lineup_mean_3,9,-0.0031333304256932594,3,0.003398956746396342,False
lineup_continuity,2,add,defensive_actions_per90_lineup_mean_trend_1_5,9,-0.0031229587630120514,2,0.002904978873417896,False
lineup_continuity,2,add,fwd_count,9,-0.003112698511722156,3,0.005088309912177902,False
lineup_continuity,2,add,recent_minutes_sum_5,9,-0.0030257392569073005,2,0.0037595909848171516,False
lineup_continuity,2,add,adjusted_rating_lineup_mean_std_5,9,-0.0030231926650334806,2,0.00322555980715844,False
lineup_continuity,2,add,shots_per90_lineup_mean_3,9,-0.003022054304141553,2,0.0036511093305903186,False
lineup_continuity,2,add,rating_lineup_mean_3,9,-0.002976505516353667,2,0.0026213462590735093,False
lineup_continuity,2,add,rating_lineup_mean_std_5,9,-0.0029732665298890736,2,0.003396588052765992,False
lineup_continuity,2,add,rating_lineup_max_5,9,-0.0029215964460161726,2,0.0031627811250796167,False
lineup_continuity,2,add,mid_adjusted_key_passes_5,9,-0.002915737031155041,3,0.002865976398934489,False
lineup_continuity,2,add,starters_without_history,9,-0.002893206628308631,2,0.004002156463703166,False
lineup_continuity,2,add,mid_count,9,-0.0028846113839883004,2,0.0034254912820825822,False
lineup_continuity,2,add,adjusted_key_passes_lineup_mean_trend_1_5,9,-0.0028714491421830022,2,0.008492128778305075,False
lineup_continuity,2,add,adjusted_defensive_actions_lineup_mean_ewm,9,-0.002856815048782946,2,0.0038025197304214498,False
lineup_continuity,2,add,defensive_actions_per90_lineup_mean_3,9,-0.002849669327565518,2,0.0036139523686480324,False
lineup_continuity,2,add,defensive_actions_per90_lineup_mean_ewm,9,-0.0027661517105802115,2,0.004181045814064754,False
lineup_continuity,2,add,gk_rating_mean_5,9,-0.0027598296858150962,2,0.002606996228719849,False
lineup_continuity,2,add,adjusted_key_passes_lineup_mean_ewm,9,-0.0027498334896950195,2,0.006476132659211986,False
lineup_continuity,2,add,adjusted_defensive_actions_lineup_mean_3,9,-0.002664101498903171,2,0.004757747514943955,False
lineup_continuity,2,add,key_passes_per90_lineup_mean_1,9,-0.00261913104703817,2,0.008929449670570189,False
lineup_continuity,2,add,adjusted_defensive_actions_lineup_mean_5,9,-0.00252134475669481,2,0.007383323032604694,False
lineup_continuity,2,add,adjusted_rating_lineup_mean_5,9,-0.0025102012674276695,2,0.005431194840168629,False
lineup_continuity,2,add,adjusted_key_passes_lineup_mean_5,9,-0.002496185743315804,2,0.004282233610937047,False
lineup_continuity,2,add,defensive_actions_per90_sum_5,9,-0.0024864516001285473,2,0.005575703759364781,False
lineup_continuity,2,add,key_passes_per90_lineup_mean_trend_1_5,9,-0.0024450511142761755,2,0.008680498329963093,False
lineup_continuity,2,add,def_rating_mean_5,9,-0.0023693698761079853,2,0.0034965114431191324,False
lineup_continuity,2,add,adjusted_rating_lineup_mean_3,9,-0.002359489421793026,2,0.0041869796214415445,False
lineup_continuity,2,add,rating_lineup_top3_mean_5,9,-0.0022716350163386025,2,0.005390788810303748,False
lineup_continuity,2,add,adjusted_key_passes_lineup_std_across_starters_5,9,-0.002210732469173027,2,0.004058585954219485,False
lineup_continuity,2,add,adjusted_defensive_actions_lineup_mean_std_5,9,-0.002109812792829602,2,0.005567905435744258,False
lineup_continuity,2,add,def_count,9,-0.0020768392976254547,2,0.00554461229250558,False
lineup_continuity,2,add,adjusted_key_passes_lineup_mean_3,9,-0.0018169990753405419,2,0.005938680406447405,False
lineup_continuity,2,remove,key_passes_per90_lineup_mean_3,7,-0.0010011462527564463,3,0.002646363836752541,False
lineup_continuity,2,add,adjusted_defensive_actions_lineup_std_across_starters_5,9,-0.0008439981238674621,1,0.006138344540062013,False
lineup_continuity,2,add,attack_goal_rate_ewm,9,-0.00032510763345781066,2,0.008817170275828623,False
lineup_continuity,2,add,defence_goal_rate_ewm,9,-0.00032489492288985123,1,0.005048670700717572,False
lineup_continuity,2,add,opponent_elo_rating,9,0.00019209262360349034,2,0.012506675431235292,False
lineup_continuity,2,add,elo_difference,9,0.0001922654125657397,2,0.012507537230127985,False
lineup_continuity,2,add,elo_rating,9,0.00019368017888472534,2,0.012514624042942346,False
lineup_continuity,2,add,elo_expected_result,9,0.001028079014715222,2,0.014361806372853225,False
lineup_continuity,2,add,expected_goals_strength,9,0.0020304584897341106,1,0.00820655496176137,False
lineup_continuity,2,add,prior_team_matches,9,0.03616652568302381,1,0.10919749885057595,False
lineup_continuity,3,remove,new_starters,6,-0.005542187397232934,3,0.002134930275503155,True
lineup_continuity,3,remove,mean_pairwise_prior_starts,6,-0.0049984055920930135,3,0.003074238032584997,False
lineup_continuity,3,remove,replacement_quality,6,-0.004976248527300031,3,0.00220940259187119,False
lineup_continuity,3,add,mid_rating_mean_5,8,-0.004953215885092432,3,0.0015859203438914893,False
lineup_continuity,3,add,rating_lineup_mean_trend_1_5,8,-0.004876187807645494,3,0.0022384504811405748,False
lineup_continuity,3,remove,mean_pairwise_prior_minutes,6,-0.004864012239837701,3,0.003042686251501947,False
lineup_continuity,3,add,rating_lineup_min_5,8,-0.004810988306844943,3,0.004504400072648629,False
lineup_continuity,3,add,gk_saves_per90_5,8,-0.004802891099936724,3,0.002235739684674387,False
lineup_continuity,3,add,rating_lineup_std_across_starters_5,8,-0.004801722919956975,3,0.004510644078844939,False
lineup_continuity,3,add,adjusted_shots_lineup_std_across_starters_5,8,-0.004756124073742573,3,0.0015820966727873031,False
lineup_continuity,3,add,rating_lineup_mean_1,8,-0.00466782899517697,3,0.0027126962784206343,False
lineup_continuity,3,add,gk_count,8,-0.00460304961033986,3,0.0024914704718432823,False
lineup_continuity,3,remove,missing_regular_starters,6,-0.00459408784829507,3,0.0018319393200711964,False
lineup_continuity,3,add,adjusted_rating_lineup_mean_trend_1_5,8,-0.004523932755488391,3,0.0027262831417655953,False
lineup_continuity,3,add,shots_per90_lineup_mean_ewm,8,-0.004484004398288555,3,0.003487171384505161,False
lineup_continuity,3,remove,new_player_pairs,6,-0.004480164820955234,3,0.002895742578337357,False
lineup_continuity,3,add,rating_mean_5,8,-0.004389510193758972,3,0.002801802606736903,False
lineup_continuity,3,add,rating_lineup_mean_ewm,8,-0.0043704898379210546,3,0.002913801763653079,False
lineup_continuity,3,add,adjusted_rating_lineup_mean_1,8,-0.004313001719603094,3,0.0031888616934723224,False
lineup_continuity,3,add,shots_per90_sum_5,8,-0.004299454403743308,3,0.0029231622473243624,False
lineup_continuity,3,add,rating_lineup_max_5,8,-0.0042499681384124965,3,0.002780512750844455,False
lineup_continuity,3,add,adjusted_shots_lineup_mean_ewm,8,-0.004234751214422317,2,0.002718142908549104,False
lineup_continuity,3,add,adjusted_shots_lineup_mean_1,8,-0.004204851523851705,3,0.0033519608069321194,False
lineup_continuity,3,add,key_passes_per90_sum_5,8,-0.004175295268385226,3,0.0024627309304330325,False
lineup_continuity,3,add,fwd_adjusted_shots_5,8,-0.004149011825408988,3,0.0039332894442742905,False
lineup_continuity,3,add,def_adjusted_defensive_actions_5,8,-0.004142554200869753,3,0.004194131200146112,False
lineup_continuity,3,add,adjusted_shots_lineup_mean_trend_1_5,8,-0.004129166024564856,3,0.003958014569986457,False
lineup_continuity,3,add,rating_lineup_top3_mean_5,8,-0.004121879442961096,3,0.0032067198929233154,False
lineup_continuity,3,add,adjusted_key_passes_lineup_mean_std_5,8,-0.004100584179319267,3,0.0026979213858497886,False
lineup_continuity,3,add,defensive_actions_per90_lineup_mean_1,8,-0.004068804775747381,3,0.0027558827924395457,False
lineup_continuity,3,add,adjusted_defensive_actions_lineup_mean_1,8,-0.0040595713340843,3,0.0027638183562206375,False
lineup_continuity,3,add,adjusted_shots_lineup_mean_5,8,-0.004052007825307657,3,0.002735339131711756,False
lineup_continuity,3,add,rating_lineup_mean_3,8,-0.004050051147793288,3,0.0025408712967276426,False
lineup_continuity,3,add,adjusted_key_passes_lineup_mean_1,8,-0.004032795326146111,3,0.005527891450175293,False
lineup_continuity,3,add,fwd_rating_mean_5,8,-0.004026239245909391,3,0.0032111813068292916,False
lineup_continuity,3,add,starters_without_full_window,8,-0.003992616304191921,3,0.0037264303454055403,False
lineup_continuity,3,add,shots_per90_lineup_mean_trend_1_5,8,-0.003961298068890029,3,0.0038524209223838035,False
lineup_continuity,3,add,retained_starters,8,-0.00394213931187728,2,0.0028389549195216857,False
lineup_continuity,3,add,adjusted_shots_lineup_mean_std_5,8,-0.003922892981155779,3,0.003699499132171713,False
lineup_continuity,3,add,starters_without_history,8,-0.003914200101359877,3,0.003930259708617045,False
lineup_continuity,3,add,adjusted_rating_lineup_std_across_starters_5,8,-0.0038832998557759126,3,0.0023768089173266116,False
lineup_continuity,3,add,shots_per90_lineup_mean_1,8,-0.003851378973977515,3,0.004170254525763584,False
lineup_continuity,3,add,adjusted_defensive_actions_lineup_mean_trend_1_5,8,-0.0038221016383461538,3,0.0025503609299748486,False
lineup_continuity,3,add,key_passes_per90_lineup_mean_ewm,8,-0.003813168757354557,2,0.004497292582561263,False
lineup_continuity,3,add,defensive_actions_per90_lineup_mean_trend_1_5,8,-0.003805937134862036,3,0.0026137088860378466,False
lineup_continuity,3,add,adjusted_rating_lineup_mean_ewm,8,-0.003800018803132499,3,0.0046031496225718005,False
lineup_continuity,3,add,adjusted_shots_lineup_mean_3,8,-0.003786057632590878,3,0.00306977066150238,False
lineup_continuity,3,add,shots_per90_lineup_mean_3,8,-0.0037752773671239303,3,0.003308464228445551,False
lineup_continuity,3,add,fwd_count,8,-0.0036903611777804324,3,0.004843782361209303,False
lineup_continuity,3,add,adjusted_rating_lineup_mean_std_5,8,-0.0036706588926253446,2,0.002914920347711236,False
lineup_continuity,3,add,adjusted_key_passes_lineup_mean_ewm,8,-0.003622102401845795,2,0.0033685589936438554,False
lineup_continuity,3,add,adjusted_defensive_actions_lineup_mean_3,8,-0.0036162915467825353,2,0.003320581099718334,False
lineup_continuity,3,add,rating_lineup_mean_std_5,8,-0.0036162066916020975,2,0.0030856992595302835,False
lineup_continuity,3,add,def_rating_mean_5,8,-0.0035779384108346026,3,0.0021282068500514395,False
lineup_continuity,3,add,adjusted_key_passes_lineup_mean_trend_1_5,8,-0.003562824753595084,3,0.008068199889744943,False
lineup_continuity,3,add,mid_adjusted_key_passes_5,8,-0.0035488509714737713,3,0.002516059721363595,False
lineup_continuity,3,add,adjusted_defensive_actions_lineup_mean_ewm,8,-0.0035008854487914133,2,0.003625721464857623,False
lineup_continuity,3,add,mid_count,8,-0.0034816756375130485,3,0.0030849792163925027,False
lineup_continuity,3,add,recent_minutes_sum_5,8,-0.0034632782483783988,2,0.003946821372134535,False
lineup_continuity,3,add,gk_rating_mean_5,8,-0.0034296713639978328,3,0.0025124223464982887,False
lineup_continuity,3,add,adjusted_defensive_actions_lineup_mean_5,8,-0.0033858217250008595,2,0.004054582116965966,False
lineup_continuity,3,add,defensive_actions_per90_lineup_mean_3,8,-0.0033818524537963857,2,0.003288431202807529,False
lineup_continuity,3,add,key_passes_per90_lineup_mean_1,8,-0.003306863187822118,3,0.008473859047015253,False
lineup_continuity,3,add,defensive_actions_per90_lineup_mean_ewm,8,-0.0032772640529607822,2,0.004204217295228352,False
lineup_continuity,3,add,adjusted_key_passes_lineup_mean_5,8,-0.003229165818284585,3,0.004084126142128941,False
lineup_continuity,3,add,key_passes_per90_lineup_mean_trend_1_5,8,-0.0031439799846376014,3,0.008240950205210984,False
lineup_continuity,3,add,adjusted_rating_lineup_mean_5,8,-0.00312407848532239,3,0.005127074940418641,False
lineup_continuity,3,add,adjusted_rating_lineup_mean_3,8,-0.0030031861040655137,3,0.0038351313826806566,False
lineup_continuity,3,add,adjusted_key_passes_lineup_std_across_starters_5,8,-0.002863653858453796,2,0.0037328561054912335,False
lineup_continuity,3,add,defensive_actions_per90_sum_5,8,-0.002859812660432892,2,0.004849550005008085,False
lineup_continuity,3,add,adjusted_defensive_actions_lineup_mean_std_5,8,-0.00273491331761051,2,0.0055471719738426906,False
lineup_continuity,3,add,def_count,8,-0.0026780255947343344,3,0.005251838758549843,False
lineup_continuity,3,add,adjusted_key_passes_lineup_mean_3,8,-0.002671307398674383,2,0.0056442124206419475,False
lineup_continuity,3,remove,key_passes_per90_lineup_mean_3,6,-0.0015857996351830606,3,0.0023353277621256385,False
lineup_continuity,3,add,adjusted_defensive_actions_lineup_std_across_starters_5,8,-0.0013896863231898315,2,0.006174377510847373,False
lineup_continuity,3,add,defence_goal_rate_ewm,8,-0.0010258934414398846,2,0.004783898479924442,False
lineup_continuity,3,add,attack_goal_rate_ewm,8,-0.0009689064923975365,2,0.0067372577874971196,False
lineup_continuity,3,add,elo_difference,8,-0.0003899653338582887,2,0.010630335142827407,False
lineup_continuity,3,add,opponent_elo_rating,8,-0.00038995162978563427,2,0.010630381229291608,False
lineup_continuity,3,add,elo_rating,8,-0.00038990679264925274,2,0.010630561307997555,False
lineup_continuity,3,add,elo_expected_result,8,0.00044756622696537904,2,0.01248622534658228,False
lineup_continuity,3,add,expected_goals_strength,8,0.0013541763007318686,1,0.007829877509953453,False
lineup_continuity,3,add,prior_team_matches,8,0.035147294242897933,2,0.11003489005388589,False
lineup_continuity,4,remove,replacement_quality,5,-0.006042329527615786,3,0.0021592892541164588,True
lineup_continuity,4,add,mid_rating_mean_5,7,-0.005975213218140429,4,0.002023040549570254,False
lineup_continuity,4,add,rating_lineup_mean_trend_1_5,7,-0.00582199476370251,3,0.002011737365937627,False
lineup_continuity,4,remove,mean_pairwise_prior_starts,5,-0.005817003033971679,3,0.0013905206865320041,False
lineup_continuity,4,add,rating_lineup_std_across_starters_5,7,-0.005715869806939011,3,0.0028333221803238384,False
lineup_continuity,4,add,rating_lineup_min_5,7,-0.005715526635316626,3,0.002796198748770351,False
lineup_continuity,4,add,adjusted_shots_lineup_std_across_starters_5,7,-0.005686063015487908,4,0.0018564152444018323,False
lineup_continuity,4,remove,mean_pairwise_prior_minutes,5,-0.005675358885555082,3,0.0013588664340129508,False
lineup_continuity,4,add,gk_saves_per90_5,7,-0.0056565050323116985,3,0.0025209061251620923,False
lineup_continuity,4,add,rating_lineup_mean_1,7,-0.005638671799921812,3,0.0023844218592519173,False
lineup_continuity,4,add,adjusted_rating_lineup_mean_trend_1_5,7,-0.005615033126799407,3,0.002666698847288762,False
lineup_continuity,4,remove,new_player_pairs,5,-0.005592348744665321,3,0.0006555899435427559,False
lineup_continuity,4,add,gk_count,7,-0.00554217728305253,3,0.0021349059070736587,False
lineup_continuity,4,add,adjusted_rating_lineup_mean_1,7,-0.005433512436099375,3,0.002206395538417727,False
lineup_continuity,4,add,shots_per90_lineup_mean_ewm,7,-0.0053905723009622045,3,0.002194256207048273,False
lineup_continuity,4,add,rating_mean_5,7,-0.0053624811995576895,3,0.0020392938908206926,False
lineup_continuity,4,add,rating_lineup_mean_ewm,7,-0.005338022655773256,3,0.002301719938682112,False
lineup_continuity,4,remove,missing_regular_starters,5,-0.005244930825340633,3,0.0026555345041465728,False
lineup_continuity,4,add,rating_lineup_max_5,7,-0.005201667095511842,3,0.003089655555286397,False
lineup_continuity,4,add,shots_per90_sum_5,7,-0.005200185441881944,3,0.0025925552625414294,False
lineup_continuity,4,add,adjusted_shots_lineup_mean_ewm,7,-0.00516868021577086,3,0.0021403537792310523,False
lineup_continuity,4,add,adjusted_shots_lineup_mean_1,7,-0.005136155474617499,3,0.0033036228587408623,False
lineup_continuity,4,add,key_passes_per90_sum_5,7,-0.005107762818242057,3,0.0029902195041284774,False
lineup_continuity,4,add,rating_lineup_top3_mean_5,7,-0.005089917903761942,3,0.003158076899569373,False
lineup_continuity,4,add,adjusted_shots_lineup_mean_trend_1_5,7,-0.005071992374486678,3,0.00285549289184317,False
lineup_continuity,4,add,def_adjusted_defensive_actions_5,7,-0.005011007453682126,3,0.0025589431937536045,False
lineup_continuity,4,add,adjusted_shots_lineup_mean_5,7,-0.005010123897689511,3,0.0026932019152370312,False
lineup_continuity,4,add,fwd_adjusted_shots_5,7,-0.005007510730446851,3,0.004315247161630342,False
lineup_continuity,4,add,rating_lineup_mean_3,7,-0.005003404693991143,3,0.0025451404598033633,False
lineup_continuity,4,add,adjusted_key_passes_lineup_mean_std_5,7,-0.004996568731270146,3,0.0021720640003797254,False
lineup_continuity,4,add,defensive_actions_per90_lineup_mean_1,7,-0.004986117832891379,3,0.0014966362160349078,False
lineup_continuity,4,add,fwd_rating_mean_5,7,-0.004974668620591105,3,0.0024253409460281983,False
lineup_continuity,4,add,adjusted_defensive_actions_lineup_mean_1,7,-0.004962015700283384,3,0.0016581218986473356,False
lineup_continuity,4,add,starters_without_history,7,-0.004933968068140148,3,0.002146694335576016,False
lineup_continuity,4,add,adjusted_key_passes_lineup_mean_1,7,-0.004927141403293489,3,0.003954680082982609,False
lineup_continuity,4,add,shots_per90_lineup_mean_trend_1_5,7,-0.004884398991674832,3,0.0036847250658702535,False
lineup_continuity,4,add,key_passes_per90_lineup_mean_ewm,7,-0.004814002202388368,3,0.0025031075983342754,False
lineup_continuity,4,add,adjusted_rating_lineup_mean_ewm,7,-0.004776676812997515,3,0.0028619060088466153,False
lineup_continuity,4,add,starters_without_full_window,7,-0.0047561973503596365,3,0.002507628098409098,False
lineup_continuity,4,add,shots_per90_lineup_mean_1,7,-0.004746165364700672,3,0.0043794223667315,False
lineup_continuity,4,add,adjusted_shots_lineup_mean_3,7,-0.004742707407253332,3,0.0032718965718174786,False
lineup_continuity,4,add,adjusted_shots_lineup_mean_std_5,7,-0.004740867512516433,3,0.0023148654006970304,False
lineup_continuity,4,add,adjusted_rating_lineup_std_across_starters_5,7,-0.004734679903537042,3,0.0026109992822260786,False
lineup_continuity,4,add,adjusted_defensive_actions_lineup_mean_trend_1_5,7,-0.0047339603206741025,3,0.001848211515780962,False
lineup_continuity,4,add,defensive_actions_per90_lineup_mean_trend_1_5,7,-0.004730581013162616,3,0.0017844355767122622,False
lineup_continuity,4,add,shots_per90_lineup_mean_3,7,-0.004723259368792832,3,0.0031106152257158737,False
lineup_continuity,4,add,mid_adjusted_key_passes_5,7,-0.004634766961395931,3,0.0025804420625792357,False
lineup_continuity,4,add,new_starters,7,-0.004603025087980006,3,0.002491434800591108,False
lineup_continuity,4,add,fwd_count,7,-0.0045979139199064266,3,0.0049756770957318786,False
lineup_continuity,4,add,adjusted_key_passes_lineup_mean_ewm,7,-0.004596727153161617,2,0.0019904977547815506,False
lineup_continuity,4,add,adjusted_rating_lineup_mean_std_5,7,-0.004525179510886912,3,0.003229162916542405,False
lineup_continuity,4,add,def_rating_mean_5,7,-0.004500489357983683,4,0.0026376512029089305,False
lineup_continuity,4,add,rating_lineup_mean_std_5,7,-0.004480005958987699,3,0.0034021961298309478,False
lineup_continuity,4,add,adjusted_key_passes_lineup_mean_trend_1_5,7,-0.0044673641984418035,3,0.0063950222931765666,False
lineup_continuity,4,add,retained_starters,7,-0.004429829775271621,3,0.0029159053763423426,False
lineup_continuity,4,add,gk_rating_mean_5,7,-0.004421426096473069,3,0.002563695479230743,False
lineup_continuity,4,add,recent_minutes_sum_5,7,-0.0044132911391515876,2,0.0021290717737521003,False
lineup_continuity,4,add,mid_count,7,-0.004399950170529032,3,0.0033283321893069484,False
lineup_continuity,4,add,adjusted_defensive_actions_lineup_mean_3,7,-0.004314534947921289,2,0.0027085048779698084,False
lineup_continuity,4,add,adjusted_defensive_actions_lineup_mean_ewm,7,-0.004312837615548215,3,0.0026341112025001223,False
lineup_continuity,4,add,defensive_actions_per90_lineup_mean_3,7,-0.004297919917608572,2,0.002430969566536323,False
lineup_continuity,4,add,adjusted_key_passes_lineup_mean_5,7,-0.00426299471989997,3,0.0027123877233949933,False
lineup_continuity,4,add,key_passes_per90_lineup_mean_1,7,-0.004230250297430738,3,0.00670047592780354,False
lineup_continuity,4,add,adjusted_defensive_actions_lineup_mean_5,7,-0.004226614358527625,2,0.0027266826550818024,False
lineup_continuity,4,add,defensive_actions_per90_lineup_mean_ewm,7,-0.004102461243507505,3,0.002852044658440578,False
lineup_continuity,4,add,adjusted_rating_lineup_mean_5,7,-0.004090883205161933,3,0.0033024012424122118,False
lineup_continuity,4,add,key_passes_per90_lineup_mean_trend_1_5,7,-0.004064624031343156,3,0.0064819923657679634,False
lineup_continuity,4,add,adjusted_rating_lineup_mean_3,7,-0.0038825753528993314,3,0.0024186799984228236,False
lineup_continuity,4,add,adjusted_key_passes_lineup_std_across_starters_5,7,-0.0038309836591842394,3,0.004086745123213609,False
lineup_continuity,4,add,defensive_actions_per90_sum_5,7,-0.003743257727525595,2,0.0032410978726633566,False
lineup_continuity,4,add,adjusted_defensive_actions_lineup_mean_std_5,7,-0.0037016392804703367,3,0.004200577516074944,False
lineup_continuity,4,add,def_count,7,-0.0036535373396703987,3,0.0037050721323608204,False
lineup_continuity,4,add,adjusted_key_passes_lineup_mean_3,7,-0.003647419617604464,2,0.0034364754695680455,False
lineup_continuity,4,remove,key_passes_per90_lineup_mean_3,5,-0.0025261799029739685,3,0.0017495371609526078,False
lineup_continuity,4,add,adjusted_defensive_actions_lineup_std_across_starters_5,7,-0.002303214420479116,3,0.004579258383038631,False
lineup_continuity,4,add,attack_goal_rate_ewm,7,-0.0018194882249002564,2,0.0051143013340188,False
lineup_continuity,4,add,defence_goal_rate_ewm,7,-0.0016064418070981246,2,0.005241682276584392,False
lineup_continuity,4,add,elo_difference,7,-0.0013844703025529316,2,0.008962251087248463,False
lineup_continuity,4,add,elo_rating,7,-0.0013844349399479317,2,0.008962506849812368,False
lineup_continuity,4,add,opponent_elo_rating,7,-0.0013826866510816993,2,0.008971072068594044,False
lineup_continuity,4,add,elo_expected_result,7,-0.0005483951974175838,2,0.010764080771872964,False
lineup_continuity,4,add,expected_goals_strength,7,0.0006419044507002258,1,0.006640199028596916,False
lineup_continuity,4,add,prior_team_matches,7,0.034569357294276994,2,0.11607923965266087,False
lineup_continuity,5,add,mid_rating_mean_5,6,-0.006472297941343008,4,0.001865202376952979,False
lineup_continuity,5,remove,mean_pairwise_prior_starts,4,-0.0063345375658838245,3,0.0011463213086775337,False
lineup_continuity,5,add,rating_lineup_mean_trend_1_5,6,-0.006328014607456622,3,0.0020391626257580953,False
lineup_continuity,5,remove,new_player_pairs,4,-0.006293340306385775,5,-1.3644748478869317e-05,False
lineup_continuity,5,remove,mean_pairwise_prior_minutes,4,-0.006187343198105921,3,0.0011166470752879132,False
lineup_continuity,5,add,rating_lineup_min_5,6,-0.006185249451344732,3,0.0019684928674583713,False
lineup_continuity,5,add,rating_lineup_std_across_starters_5,6,-0.006174410982323764,3,0.0018979513479756571,False
lineup_continuity,5,add,adjusted_shots_lineup_std_across_starters_5,6,-0.006155562384689528,4,0.0018747807496195534,False
lineup_continuity,5,add,adjusted_rating_lineup_mean_trend_1_5,6,-0.006146690583733916,3,0.002661231875348502,False
lineup_continuity,5,add,gk_saves_per90_5,6,-0.0060646422707473,3,0.002519868619899057,False
lineup_continuity,5,add,gk_count,6,-0.006042308492285398,3,0.0021592992506240805,False
lineup_continuity,5,add,rating_lineup_mean_1,6,-0.005973798403842689,3,0.0024721095415252137,False
lineup_continuity,5,add,adjusted_rating_lineup_mean_1,6,-0.005967544218298726,3,0.0021869285838369557,False
lineup_continuity,5,add,shots_per90_lineup_mean_ewm,6,-0.005916436564240302,3,0.002232836229068891,False
lineup_continuity,5,add,rating_mean_5,6,-0.005885138224371733,3,0.0019612257665420074,False
lineup_continuity,5,add,rating_lineup_mean_ewm,6,-0.00579930930680701,3,0.002319858029191213,False
lineup_continuity,5,remove,missing_regular_starters,4,-0.005790783955793022,3,0.0030357218587688806,False
lineup_continuity,5,add,adjusted_shots_lineup_mean_ewm,6,-0.005687342901565318,3,0.0022333729750265707,False
lineup_continuity,5,add,shots_per90_sum_5,6,-0.005680428905908896,3,0.0025136802058614016,False
lineup_continuity,5,add,rating_lineup_mean_3,6,-0.005663218624604371,3,0.0026265925890593955,False
lineup_continuity,5,add,rating_lineup_max_5,6,-0.005656527908441689,3,0.0031149464487125744,False
lineup_continuity,5,add,key_passes_per90_sum_5,6,-0.005630496398235274,3,0.002947393410113852,False
lineup_continuity,5,add,adjusted_shots_lineup_mean_1,6,-0.005628068805300268,3,0.0033236892351906633,False
lineup_continuity,5,add,fwd_rating_mean_5,6,-0.005583828311099204,3,0.002488892970410106,False
lineup_continuity,5,add,adjusted_shots_lineup_mean_trend_1_5,6,-0.0055787772780911075,3,0.002869464519376308,False
lineup_continuity,5,add,defensive_actions_per90_lineup_mean_1,6,-0.005567934282495246,3,0.001459022627062101,False
lineup_continuity,5,add,adjusted_key_passes_lineup_mean_std_5,6,-0.005566549021254019,3,0.0021893060116175977,False
lineup_continuity,5,add,rating_lineup_top3_mean_5,6,-0.005542298090698905,3,0.003212005961977571,False
lineup_continuity,5,add,replacement_quality,6,-0.005542187397232934,3,0.002134930275503155,False
lineup_continuity,5,add,adjusted_defensive_actions_lineup_mean_1,6,-0.005532986904882686,3,0.0016573047353993786,False
lineup_continuity,5,add,fwd_adjusted_shots_5,6,-0.005501407109659917,3,0.004483722568564774,False
lineup_continuity,5,add,starters_without_history,6,-0.005480043655138056,3,0.0020190596485003542,False
lineup_continuity,5,add,def_adjusted_defensive_actions_5,6,-0.005466731757774368,3,0.002469906351870277,False
lineup_continuity,5,add,adjusted_shots_lineup_mean_5,6,-0.005446478980951431,3,0.0027306402983948708,False
lineup_continuity,5,add,shots_per90_lineup_mean_trend_1_5,6,-0.005401667107025543,3,0.0036953036523730276,False
lineup_continuity,5,add,adjusted_key_passes_lineup_mean_1,6,-0.005401199394720923,3,0.003802633118301202,False
lineup_continuity,5,add,starters_without_full_window,6,-0.005372834446602548,3,0.0022469852568072213,False
lineup_continuity,5,add,key_passes_per90_lineup_mean_ewm,6,-0.005325476795694883,3,0.0023020532643639458,False
lineup_continuity,5,add,adjusted_rating_lineup_mean_ewm,6,-0.005304450113724291,3,0.0024631618842472225,False
lineup_continuity,5,add,adjusted_defensive_actions_lineup_mean_trend_1_5,6,-0.005265498186516093,3,0.0018851229033125527,False
lineup_continuity,5,add,shots_per90_lineup_mean_1,6,-0.0052644653193431035,3,0.004384265071999627,False
lineup_continuity,5,add,shots_per90_lineup_mean_3,6,-0.005255868293654475,3,0.00309672690115681,False
lineup_continuity,5,add,defensive_actions_per90_lineup_mean_trend_1_5,6,-0.0052481453790905516,3,0.0018291178985103684,False
lineup_continuity,5,add,mid_adjusted_key_passes_5,6,-0.005219880175145031,3,0.002452242084194367,False
lineup_continuity,5,add,adjusted_shots_lineup_mean_3,6,-0.005219695006391167,3,0.003384529511723189,False
lineup_continuity,5,add,adjusted_shots_lineup_mean_std_5,6,-0.005219345931280195,3,0.0023686420413020493,False
lineup_continuity,5,add,recent_minutes_sum_5,6,-0.005174330720495268,3,0.0020948394434139317,False
lineup_continuity,5,add,adjusted_rating_lineup_std_across_starters_5,6,-0.005161339512277841,3,0.0027928429254735487,False
lineup_continuity,5,add,adjusted_key_passes_lineup_mean_ewm,6,-0.005130637526560511,2,0.002012088803581502,False
lineup_continuity,5,add,fwd_count,6,-0.005077974938030372,3,0.005016434452469021,False
lineup_continuity,5,add,adjusted_defensive_actions_lineup_mean_3,6,-0.004976750510695083,3,0.002710739180447952,False
lineup_continuity,5,add,new_starters,6,-0.004976248527300031,3,0.00220940259187119,False
lineup_continuity,5,add,adjusted_key_passes_lineup_mean_trend_1_5,6,-0.004942213694481046,3,0.006216745089488551,False
lineup_continuity,5,add,def_rating_mean_5,6,-0.004922179038161589,4,0.002825546121402178,False
lineup_continuity,5,add,mid_count,6,-0.00490801328956394,3,0.0032804490055704516,False
lineup_continuity,5,add,adjusted_rating_lineup_mean_std_5,6,-0.004897679584128923,3,0.00404512048120198,False
lineup_continuity,5,add,retained_starters,6,-0.004886247759476814,3,0.0025997369628144584,False
lineup_continuity,5,add,rating_lineup_mean_std_5,6,-0.004875266348833884,3,0.004189518010125681,False
lineup_continuity,5,add,adjusted_defensive_actions_lineup_mean_ewm,6,-0.0048307809868932015,3,0.002720671674223185,False
lineup_continuity,5,add,adjusted_key_passes_lineup_mean_5,6,-0.004802477684029793,3,0.002862795862590639,False
lineup_continuity,5,add,gk_rating_mean_5,6,-0.004743771878799485,3,0.0025603969927892045,False
lineup_continuity,5,add,defensive_actions_per90_lineup_mean_3,6,-0.004736901454593312,2,0.002379127688328264,False
lineup_continuity,5,add,key_passes_per90_lineup_mean_1,6,-0.004716851791102728,3,0.006484947827650078,False
lineup_continuity,5,add,adjusted_rating_lineup_mean_5,6,-0.004699162981212956,3,0.002837039846121825,False
lineup_continuity,5,add,adjusted_defensive_actions_lineup_mean_5,6,-0.004684518725222353,2,0.002764642712917764,False
lineup_continuity,5,add,defensive_actions_per90_lineup_mean_ewm,6,-0.004650482802343925,3,0.002535452476063682,False
lineup_continuity,5,add,adjusted_rating_lineup_mean_3,6,-0.004552313446266254,3,0.002465539596081312,False
lineup_continuity,5,add,key_passes_per90_lineup_mean_trend_1_5,6,-0.004547385217436806,3,0.0062565128756686406,False
lineup_continuity,5,add,adjusted_key_passes_lineup_std_across_starters_5,6,-0.0043316576787552075,3,0.004359532018107126,False
lineup_continuity,5,add,adjusted_key_passes_lineup_mean_3,6,-0.004266442839591123,2,0.0031321658466010316,False
lineup_continuity,5,add,adjusted_defensive_actions_lineup_mean_std_5,6,-0.004244869993056533,3,0.003414597539776465,False
lineup_continuity,5,add,defensive_actions_per90_sum_5,6,-0.004227708402472441,2,0.003200199947345661,False
lineup_continuity,5,add,def_count,6,-0.004173872550662039,3,0.003609648170365576,False
lineup_continuity,5,add,adjusted_defensive_actions_lineup_std_across_starters_5,6,-0.0030414559133157713,3,0.004495805827277488,False
lineup_continuity,5,remove,key_passes_per90_lineup_mean_3,4,-0.003002531409342546,3,0.001785263448739638,False
lineup_continuity,5,add,attack_goal_rate_ewm,6,-0.002346052431629575,2,0.005027639345492885,False
lineup_continuity,5,add,defence_goal_rate_ewm,6,-0.0020191242629981065,2,0.0052784680529804895,False
lineup_continuity,5,add,elo_difference,6,-0.001912380022154192,2,0.008831257208699261,False
lineup_continuity,5,add,elo_rating,6,-0.001912227411590539,2,0.008832146658178663,False
lineup_continuity,5,add,opponent_elo_rating,6,-0.0019120848187819338,2,0.008832780537435081,False
lineup_continuity,5,add,elo_expected_result,6,-0.0010927847713884554,2,0.010608253310773419,False
lineup_continuity,5,add,expected_goals_strength,6,0.00021895618225182823,1,0.00642562734489982,False
lineup_continuity,5,add,prior_team_matches,6,0.033023220792424125,2,0.11669643654697914,False
legacy_player_form,1,remove,rating_mean_5,6,-0.00040227826382650546,2,0.003724339298682877,True
legacy_player_form,1,remove,defensive_actions_per90_sum_5,6,0.0003592328698129643,2,0.0040221792112270505,False
legacy_player_form,1,remove,starters_without_history,6,0.0007778902018949374,2,0.006956863058030782,False
legacy_player_form,1,remove,shots_per90_sum_5,6,0.0012472305032503294,2,0.010232656246450755,False
legacy_player_form,1,add,missing_regular_starters,8,0.0012830313512957714,2,0.009681191543130518,False
legacy_player_form,1,add,adjusted_shots_lineup_std_across_starters_5,8,0.0013942628718410567,2,0.010403776235128559,False
legacy_player_form,1,add,rating_lineup_mean_ewm,8,0.0014459226816577742,2,0.007566071544661601,False
legacy_player_form,1,remove,recent_minutes_sum_5,6,0.0015654751918388276,2,0.007821891624700594,False
legacy_player_form,1,add,rating_lineup_std_across_starters_5,8,0.0016151393103937429,2,0.010076881210983712,False
legacy_player_form,1,add,mean_pairwise_prior_minutes,8,0.0016173697805451637,2,0.01014263379419722,False
legacy_player_form,1,add,rating_lineup_min_5,8,0.0016257030496484859,2,0.010360426431528902,False
legacy_player_form,1,remove,starters_without_full_window,6,0.0016824011682286199,2,0.010069116649679577,False
legacy_player_form,1,add,mean_pairwise_prior_starts,8,0.001719048445155602,2,0.010358179188262318,False
legacy_player_form,1,add,key_passes_per90_lineup_mean_3,8,0.0019389924956465742,2,0.011326963956695746,False
legacy_player_form,1,add,rating_lineup_mean_trend_1_5,8,0.0020598791361902567,2,0.009912701281557301,False
legacy_player_form,1,add,rating_lineup_mean_1,8,0.0020607115553564538,2,0.00991057999585876,False
legacy_player_form,1,add,adjusted_rating_lineup_mean_1,8,0.002077816656431475,2,0.00937838166591054,False
legacy_player_form,1,add,adjusted_rating_lineup_mean_trend_1_5,8,0.0021935606760357996,2,0.010177110266400113,False
legacy_player_form,1,add,gk_count,8,0.002286141796259056,2,0.010045096819214061,False
legacy_player_form,1,add,fwd_adjusted_shots_5,8,0.002293599739511354,2,0.009567790398433473,False
legacy_player_form,1,add,mid_rating_mean_5,8,0.002308208765753017,2,0.009234039143175776,False
legacy_player_form,1,add,rating_lineup_top3_mean_5,8,0.0024428132896811006,2,0.009781204731381776,False
legacy_player_form,1,add,rating_lineup_max_5,8,0.0025163638887825577,2,0.009253957526014212,False
legacy_player_form,1,add,new_player_pairs,8,0.0025211834406381863,2,0.00877437176425444,False
legacy_player_form,1,add,adjusted_key_passes_lineup_std_across_starters_5,8,0.002564859715281731,3,0.012439259438678407,False
legacy_player_form,1,add,adjusted_key_passes_lineup_mean_std_5,8,0.002569026797672613,2,0.011075940303031162,False
legacy_player_form,1,add,adjusted_rating_lineup_mean_3,8,0.0026102248656403094,2,0.011297859424160284,False
legacy_player_form,1,add,adjusted_shots_lineup_mean_1,8,0.00262021005097135,2,0.010233234742826447,False
legacy_player_form,1,add,adjusted_shots_lineup_mean_trend_1_5,8,0.002623180982616624,2,0.009851456772876244,False
legacy_player_form,1,add,defensive_actions_per90_lineup_mean_3,8,0.0027373959036110394,2,0.009891421811488388,False
legacy_player_form,1,add,adjusted_rating_lineup_mean_ewm,8,0.002738027926348341,2,0.010473944589411976,False
legacy_player_form,1,add,shots_per90_lineup_mean_1,8,0.0028341130132566892,2,0.010303721323980275,False
legacy_player_form,1,add,shots_per90_lineup_mean_trend_1_5,8,0.0028345642112972413,2,0.010304103983108881,False
legacy_player_form,1,add,adjusted_defensive_actions_lineup_mean_5,8,0.0028598812882919544,2,0.0113410210250382,False
legacy_player_form,1,add,key_passes_per90_lineup_mean_ewm,8,0.002861292881564892,2,0.012823008106163103,False
legacy_player_form,1,add,fwd_rating_mean_5,8,0.002878225059251882,2,0.010933945563733172,False
legacy_player_form,1,remove,key_passes_per90_sum_5,6,0.002888848093042107,1,0.00894204508392149,False
legacy_player_form,1,add,adjusted_rating_lineup_std_across_starters_5,8,0.002892582078534445,1,0.010108872177871486,False
legacy_player_form,1,add,adjusted_defensive_actions_lineup_mean_1,8,0.002903479431960387,2,0.010874212753016699,False
legacy_player_form,1,add,adjusted_defensive_actions_lineup_mean_trend_1_5,8,0.002923758103332874,2,0.011180285864344164,False
legacy_player_form,1,add,adjusted_shots_lineup_mean_std_5,8,0.0029286497947978996,2,0.0104605026114718,False
legacy_player_form,1,add,shots_per90_lineup_mean_ewm,8,0.0029338362026963606,2,0.011488384939685847,False
legacy_player_form,1,add,defensive_actions_per90_lineup_mean_1,8,0.002936058427509858,2,0.01133088820771877,False
legacy_player_form,1,add,defensive_actions_per90_lineup_mean_trend_1_5,8,0.002937712198394471,2,0.011336460521692238,False
legacy_player_form,1,add,gk_saves_per90_5,8,0.003008678202007875,1,0.00463774826837815,False
legacy_player_form,1,add,rating_lineup_mean_std_5,8,0.003034907791417174,2,0.010473216054418422,False
legacy_player_form,1,add,rating_lineup_mean_3,8,0.0030567783322973606,2,0.010182266400382223,False
legacy_player_form,1,add,retained_starters,8,0.003117851707640451,2,0.01164993731824382,False
legacy_player_form,1,add,adjusted_key_passes_lineup_mean_1,8,0.003145088404314955,2,0.01192585597271223,False
legacy_player_form,1,add,def_adjusted_defensive_actions_5,8,0.003159584723881936,2,0.011687566473160715,False
legacy_player_form,1,add,new_starters,8,0.0031607699771035946,2,0.011231867012140961,False
legacy_player_form,1,add,def_rating_mean_5,8,0.003194959855540036,2,0.0105312323980562,False
legacy_player_form,1,add,adjusted_key_passes_lineup_mean_3,8,0.003220165083630766,2,0.01405306988623356,False
legacy_player_form,1,add,defensive_actions_per90_lineup_mean_ewm,8,0.0032246564708966253,2,0.01111139695317287,False
legacy_player_form,1,add,adjusted_defensive_actions_lineup_mean_3,8,0.0032329207375046297,2,0.01000233277544793,False
legacy_player_form,1,add,replacement_quality,8,0.0032528971338037006,2,0.010682051380101365,False
legacy_player_form,1,add,adjusted_defensive_actions_lineup_mean_ewm,8,0.0032578036407273857,2,0.010935249582216477,False
legacy_player_form,1,add,adjusted_key_passes_lineup_mean_trend_1_5,8,0.003321135057938607,2,0.010656858726214358,False
legacy_player_form,1,add,adjusted_rating_lineup_mean_std_5,8,0.00334106423771825,2,0.010789849966094334,False
legacy_player_form,1,add,adjusted_key_passes_lineup_mean_ewm,8,0.003366084459841057,2,0.016557378808997658,False
legacy_player_form,1,add,adjusted_shots_lineup_mean_ewm,8,0.003406609617767886,2,0.013773974175200099,False
legacy_player_form,1,add,fwd_count,8,0.0036460749831122687,2,0.009361212538392727,False
legacy_player_form,1,add,key_passes_per90_lineup_mean_1,8,0.003685795231538447,2,0.012287408408341971,False
legacy_player_form,1,add,key_passes_per90_lineup_mean_trend_1_5,8,0.003691083159595854,2,0.01229323859789977,False
legacy_player_form,1,add,adjusted_defensive_actions_lineup_mean_std_5,8,0.0037626147973900846,2,0.012474930076151858,False
legacy_player_form,1,add,mid_count,8,0.0038274826608923006,1,0.01086813941121667,False
legacy_player_form,1,add,mid_adjusted_key_passes_5,8,0.0039550939076534505,2,0.01147561808850539,False
legacy_player_form,1,add,shots_per90_lineup_mean_3,8,0.003987844125831907,1,0.011347690101863428,False
legacy_player_form,1,add,gk_rating_mean_5,8,0.0039885128252127085,1,0.012189572643495294,False
legacy_player_form,1,add,adjusted_rating_lineup_mean_5,8,0.0040459320625794385,2,0.0143237583770921,False
legacy_player_form,1,add,adjusted_shots_lineup_mean_5,8,0.004170843912603783,1,0.013090552933451294,False
legacy_player_form,1,add,def_count,8,0.004315906415212112,1,0.010891113176980216,False
legacy_player_form,1,add,adjusted_shots_lineup_mean_3,8,0.004364749163977111,1,0.011189577269841378,False
legacy_player_form,1,add,adjusted_key_passes_lineup_mean_5,8,0.004697619153455212,1,0.014733985715347231,False
legacy_player_form,1,add,defence_goal_rate_ewm,8,0.005590081192091478,1,0.008464946591975053,False
legacy_player_form,1,add,adjusted_defensive_actions_lineup_std_across_starters_5,8,0.005701772023315144,1,0.009665972040434179,False
legacy_player_form,1,add,attack_goal_rate_ewm,8,0.006388832008423617,1,0.01790882669368643,False
legacy_player_form,1,add,elo_difference,8,0.006857120714234899,1,0.023771632702970003,False
legacy_player_form,1,add,elo_rating,8,0.0068571578381402265,1,0.023771852345219724,False
legacy_player_form,1,add,opponent_elo_rating,8,0.006857256631786113,1,0.0237720610677582,False
legacy_player_form,1,add,elo_expected_result,8,0.007948117620442252,1,0.02617849531484584,False
legacy_player_form,1,add,expected_goals_strength,8,0.008476287297166851,1,0.015922951223243942,False
legacy_player_form,1,add,prior_team_matches,8,0.04614360595928191,1,0.1313313953388504,False
legacy_player_form,2,remove,defensive_actions_per90_sum_5,5,-0.001830270838557424,3,0.003191504053788985,True
legacy_player_form,2,add,missing_regular_starters,7,-0.001458561301846717,2,0.0032860393377007746,False
legacy_player_form,2,remove,shots_per90_sum_5,5,-0.001310435346884864,2,0.0037926538236557894,False
legacy_player_form,2,add,adjusted_shots_lineup_std_across_starters_5,7,-0.0011830215407762524,2,0.004401454054542064,False
legacy_player_form,2,add,mean_pairwise_prior_minutes,7,-0.0011522409950090351,2,0.006318216178237912,False
legacy_player_form,2,add,mean_pairwise_prior_starts,7,-0.001056289050862702,2,0.006209502295575708,False
legacy_player_form,2,remove,starters_without_full_window,5,-0.0009689718075912346,2,0.004044640631570617,False
legacy_player_form,2,add,key_passes_per90_lineup_mean_3,7,-0.0007042062867413712,2,0.005083885545914546,False
legacy_player_form,2,add,rating_lineup_std_across_starters_5,7,-0.0005843588146031253,2,0.0046435621488931655,False
legacy_player_form,2,add,rating_lineup_mean_trend_1_5,7,-0.0005813028318034874,2,0.003722124180967401,False
legacy_player_form,2,add,adjusted_rating_lineup_mean_trend_1_5,7,-0.0004706063560040441,2,0.003821241093059702,False
legacy_player_form,2,remove,starters_without_history,5,-0.0004264488195977023,2,0.004517238779125243,False
legacy_player_form,2,add,gk_count,7,-0.00040230743239464404,2,0.0037243406686420233,False
legacy_player_form,2,add,fwd_adjusted_shots_5,7,-0.00026219378147129824,2,0.005581220491872818,False
legacy_player_form,2,add,rating_lineup_min_5,7,-0.00024305798824533209,2,0.005132913128197747,False
legacy_player_form,2,add,adjusted_rating_lineup_mean_1,7,-0.00022836544428928018,2,0.004255158576976337,False
legacy_player_form,2,add,adjusted_key_passes_lineup_std_across_starters_5,7,-0.00022586247619897913,3,0.006221567471032419,False
legacy_player_form,2,add,rating_lineup_mean_1,7,-0.0001268978224088446,2,0.004178409016850182,False
legacy_player_form,2,remove,recent_minutes_sum_5,5,-0.0001158729895402777,2,0.0036027960982291107,False
legacy_player_form,2,add,adjusted_defensive_actions_lineup_mean_5,7,-4.0918020737867875e-05,2,0.004529632886340229,False
legacy_player_form,2,add,adjusted_shots_lineup_mean_trend_1_5,7,1.4815156502478999e-05,2,0.005064060217223942,False
legacy_player_form,2,add,mid_rating_mean_5,7,2.5577665978993025e-05,2,0.004722728372281715,False
legacy_player_form,2,add,defensive_actions_per90_lineup_mean_3,7,5.093804601179475e-05,2,0.003795341760410853,False
legacy_player_form,2,add,adjusted_shots_lineup_mean_1,7,5.210369290502559e-05,2,0.004452274473237816,False
legacy_player_form,2,add,new_player_pairs,7,9.179432882162608e-05,2,0.004229927824000113,False
legacy_player_form,2,add,replacement_quality,7,0.00014109850632817444,2,0.0038417444894789377,False
legacy_player_form,2,add,adjusted_key_passes_lineup_mean_std_5,7,0.0002060408352598797,2,0.0050687088999510355,False
legacy_player_form,2,add,shots_per90_lineup_mean_1,7,0.00022424349836842606,2,0.005060362915939143,False
legacy_player_form,2,add,shots_per90_lineup_mean_trend_1_5,7,0.00022495819504131376,2,0.0050629673966674504,False
legacy_player_form,2,add,retained_starters,7,0.00025513278743449774,2,0.005133570959983791,False
legacy_player_form,2,add,rating_lineup_max_5,7,0.0002569610936398181,2,0.004467637169645489,False
legacy_player_form,2,add,gk_saves_per90_5,7,0.0002841129277029619,3,0.003977174652239457,False
legacy_player_form,2,add,adjusted_defensive_actions_lineup_mean_trend_1_5,7,0.00029669590187142436,2,0.00495848679120825,False
legacy_player_form,2,add,adjusted_defensive_actions_lineup_mean_1,7,0.00030382856471453665,2,0.004783857673237302,False
legacy_player_form,2,add,key_passes_per90_lineup_mean_ewm,7,0.0003123097411807052,2,0.007304436420724647,False
legacy_player_form,2,add,defensive_actions_per90_lineup_mean_1,7,0.00032134499057683285,2,0.0051796477320816825,False
legacy_player_form,2,add,rating_lineup_top3_mean_5,7,0.0003223990809630761,2,0.004246751890164102,False
legacy_player_form,2,add,defensive_actions_per90_lineup_mean_trend_1_5,7,0.0003232583986578108,2,0.005187455975662947,False
legacy_player_form,2,add,adjusted_key_passes_lineup_mean_1,7,0.00036956299563077887,2,0.0067702027011383725,False
legacy_player_form,2,add,new_starters,7,0.0003973648878657254,2,0.00501918677829738,False
legacy_player_form,2,add,adjusted_shots_lineup_mean_std_5,7,0.0004107358037938047,2,0.005250352584114548,False
legacy_player_form,2,add,adjusted_rating_lineup_std_across_starters_5,7,0.0004197588808902752,2,0.005411199278287926,False
legacy_player_form,2,add,adjusted_key_passes_lineup_mean_trend_1_5,7,0.0005104012561370607,2,0.009158860333623675,False
legacy_player_form,2,add,adjusted_defensive_actions_lineup_mean_3,7,0.0005195039026719917,2,0.004999762935310237,False
legacy_player_form,2,add,defensive_actions_per90_lineup_mean_ewm,7,0.0005245664379519788,2,0.0048403130412701945,False
legacy_player_form,2,add,shots_per90_lineup_mean_ewm,7,0.0005720006949921253,2,0.0065380362836764405,False
legacy_player_form,2,add,adjusted_defensive_actions_lineup_mean_ewm,7,0.0005821966174836435,2,0.004709198174838614,False
legacy_player_form,2,add,fwd_rating_mean_5,7,0.0006030040920577129,2,0.004419777333662722,False
legacy_player_form,2,remove,key_passes_per90_sum_5,5,0.0006845185555892419,3,0.0046890203133809205,False
legacy_player_form,2,add,rating_lineup_mean_std_5,7,0.0007557126209214449,2,0.005783149213194783,False
legacy_player_form,2,add,def_adjusted_defensive_actions_5,7,0.0007862630619227317,2,0.006543591042056374,False
legacy_player_form,2,add,adjusted_rating_lineup_mean_std_5,7,0.0008025929511263463,2,0.005610748647793651,False
legacy_player_form,2,add,key_passes_per90_lineup_mean_1,7,0.0008512539349912806,2,0.00923730668331535,False
legacy_player_form,2,add,key_passes_per90_lineup_mean_trend_1_5,7,0.0008569714132444561,2,0.009256843657025504,False
legacy_player_form,2,add,adjusted_defensive_actions_lineup_mean_std_5,7,0.0008668999625598639,2,0.005983701706827826,False
legacy_player_form,2,add,adjusted_key_passes_lineup_mean_3,7,0.0008673960812723535,2,0.008773984571963989,False
legacy_player_form,2,add,fwd_count,7,0.0009142544127662244,2,0.006202769728670843,False
legacy_player_form,2,add,adjusted_key_passes_lineup_mean_ewm,7,0.0009438030288570598,2,0.011554537491642591,False
legacy_player_form,2,add,gk_rating_mean_5,7,0.0009672871478650258,2,0.004671880213005242,False
legacy_player_form,2,add,adjusted_rating_lineup_mean_ewm,7,0.0010253018466477304,2,0.006058888804378326,False
legacy_player_form,2,add,def_rating_mean_5,7,0.0010295618272024853,2,0.006991642872073545,False
legacy_player_form,2,add,adjusted_shots_lineup_mean_ewm,7,0.0011229685721282578,2,0.00929116533524943,False
legacy_player_form,2,add,mid_count,7,0.0011387024180563587,2,0.004520905490704941,False
legacy_player_form,2,add,rating_lineup_mean_ewm,7,0.0012053969004399035,2,0.007348148256904441,False
legacy_player_form,2,add,shots_per90_lineup_mean_3,7,0.0012347761866823737,2,0.005055596184266431,False
legacy_player_form,2,add,mid_adjusted_key_passes_5,7,0.0015389167121490077,2,0.005517416230421901,False
legacy_player_form,2,add,def_count,7,0.0015867307476632674,2,0.006917359909014209,False
legacy_player_form,2,add,adjusted_rating_lineup_mean_3,7,0.0016149886176355377,2,0.005984868342883365,False
legacy_player_form,2,add,adjusted_shots_lineup_mean_5,7,0.00164787468403087,2,0.007242201689026562,False
legacy_player_form,2,add,adjusted_shots_lineup_mean_3,7,0.0017649740853540098,2,0.005756291056183249,False
legacy_player_form,2,add,adjusted_rating_lineup_mean_5,7,0.0018978905615172127,2,0.006303879058899731,False
legacy_player_form,2,add,adjusted_key_passes_lineup_mean_5,7,0.0021937289892228094,2,0.009090375812886853,False
legacy_player_form,2,add,rating_mean_5,7,0.0022861372482261056,2,0.010045047938238127,False
legacy_player_form,2,add,rating_lineup_mean_3,7,0.002374750684721061,2,0.007689067981335063,False
legacy_player_form,2,add,adjusted_defensive_actions_lineup_std_across_starters_5,7,0.003249847616588042,1,0.009020326726388639,False
legacy_player_form,2,add,defence_goal_rate_ewm,7,0.003603354697699701,1,0.007278789072376668,False
legacy_player_form,2,add,attack_goal_rate_ewm,7,0.004075402834297903,2,0.013789785292438683,False
legacy_player_form,2,add,elo_difference,7,0.004342537421038029,2,0.01923986366117303,False
legacy_player_form,2,add,opponent_elo_rating,7,0.004342602263412187,2,0.019240319858767285,False
legacy_player_form,2,add,elo_rating,7,0.0043431780402817255,2,0.019243135752969764,False
legacy_player_form,2,add,elo_expected_result,7,0.005424723171867906,2,0.022012764212185565,False
legacy_player_form,2,add,expected_goals_strength,7,0.006584541139186673,1,0.013267858085890927,False
legacy_player_form,2,add,prior_team_matches,7,0.04261754075948558,1,0.1309627806688718,False
legacy_player_form,3,add,missing_regular_starters,6,-0.002826177152276932,3,0.002125903275091545,True
legacy_player_form,3,remove,shots_per90_sum_5,4,-0.0028068476184401224,3,0.002200648673762129,False
legacy_player_form,3,remove,starters_without_full_window,4,-0.0025477507759948947,3,0.001905505283822162,False
legacy_player_form,3,add,mean_pairwise_prior_minutes,6,-0.002478555664416171,3,0.005579922099635315,False
legacy_player_form,3,add,adjusted_shots_lineup_std_across_starters_5,6,-0.002416333930912962,3,0.003941918287905466,False
legacy_player_form,3,add,mean_pairwise_prior_starts,6,-0.0023596362728717014,3,0.0054547839048560975,False
legacy_player_form,3,remove,starters_without_history,4,-0.0021774442420213315,3,0.0024872101204957975,False
legacy_player_form,3,add,key_passes_per90_lineup_mean_3,6,-0.002076945569924571,3,0.003888904151626682,False
legacy_player_form,3,add,rating_lineup_mean_trend_1_5,6,-0.0019904283631299925,3,0.003135820795969524,False
legacy_player_form,3,add,rating_lineup_std_across_starters_5,6,-0.0019345171603567968,3,0.0037433228063703528,False
legacy_player_form,3,add,adjusted_rating_lineup_mean_trend_1_5,6,-0.0018774836898727497,3,0.0031336781917299383,False
legacy_player_form,3,remove,recent_minutes_sum_5,4,-0.0018711424991745274,3,0.0026737757380821403,False
legacy_player_form,3,add,gk_count,6,-0.001830348756091671,3,0.0031914797768561876,False
legacy_player_form,3,add,adjusted_key_passes_lineup_std_across_starters_5,6,-0.0018214927641780232,3,0.003758327822814933,False
legacy_player_form,3,add,adjusted_rating_lineup_mean_1,6,-0.0018063581550004982,3,0.003750318656111973,False
legacy_player_form,3,add,mid_rating_mean_5,6,-0.001756577068734444,3,0.002221279583213054,False
legacy_player_form,3,add,fwd_adjusted_shots_5,6,-0.0017072839368895032,3,0.005166147957037515,False
legacy_player_form,3,add,rating_lineup_mean_1,6,-0.0016711355086996172,3,0.00334375098682127,False
legacy_player_form,3,add,rating_lineup_min_5,6,-0.0015964155716610361,3,0.004367623278582755,False
legacy_player_form,3,add,defensive_actions_per90_lineup_mean_1,6,-0.00147770265760665,3,0.003506059435718578,False
legacy_player_form,3,add,adjusted_shots_lineup_mean_trend_1_5,6,-0.0014452687997000614,3,0.004549412552913745,False
legacy_player_form,3,add,adjusted_defensive_actions_lineup_mean_1,6,-0.0014252456124631996,3,0.003724864430277419,False
legacy_player_form,3,add,adjusted_shots_lineup_mean_1,6,-0.0014090018233956058,3,0.00385754264319349,False
legacy_player_form,3,add,def_adjusted_defensive_actions_5,6,-0.0013452187785403468,3,0.004798804722033645,False
legacy_player_form,3,add,rating_lineup_max_5,6,-0.0013112186473550834,3,0.00400041215489888,False
legacy_player_form,3,add,replacement_quality,6,-0.0013024284127841179,3,0.003271152921922038,False
legacy_player_form,3,add,rating_lineup_top3_mean_5,6,-0.001255239133210928,3,0.0038851690943872974,False
legacy_player_form,3,add,shots_per90_lineup_mean_1,6,-0.001243036949247034,3,0.00453875336381615,False
legacy_player_form,3,add,shots_per90_lineup_mean_trend_1_5,6,-0.0012424470730153959,3,0.004541487260447896,False
legacy_player_form,3,add,new_player_pairs,6,-0.0012324625334750427,3,0.0038008625413353814,False
legacy_player_form,3,add,adjusted_defensive_actions_lineup_mean_trend_1_5,6,-0.0011562110475495935,3,0.003447267534411269,False
legacy_player_form,3,add,adjusted_shots_lineup_mean_std_5,6,-0.0011461722714972478,3,0.004134384709720829,False
legacy_player_form,3,add,gk_saves_per90_5,6,-0.0011418724221304189,2,0.0031855079277347542,False
legacy_player_form,3,add,defensive_actions_per90_lineup_mean_trend_1_5,6,-0.0011358076187372834,3,0.0034693813803576834,False
legacy_player_form,3,add,adjusted_key_passes_lineup_mean_std_5,6,-0.0011347744120252079,2,0.003564493198671359,False
legacy_player_form,3,add,retained_starters,6,-0.0011169897838672726,3,0.002905442478760678,False
legacy_player_form,3,add,adjusted_key_passes_lineup_mean_1,6,-0.001099409913168503,3,0.006353917445160784,False
legacy_player_form,3,add,shots_per90_lineup_mean_ewm,6,-0.0010419431196519112,3,0.004457180824261275,False
legacy_player_form,3,add,new_starters,6,-0.000986552878351521,3,0.002584602935673197,False
legacy_player_form,3,add,adjusted_rating_lineup_std_across_starters_5,6,-0.0009819673580786059,3,0.0032017845670955225,False
legacy_player_form,3,add,adjusted_key_passes_lineup_mean_trend_1_5,6,-0.000953340844798789,3,0.008667342474963258,False
legacy_player_form,3,add,key_passes_per90_lineup_mean_ewm,6,-0.0009335212402975746,2,0.004946540525650134,False
legacy_player_form,3,remove,key_passes_per90_sum_5,4,-0.0009178080307061132,4,0.004173711084111575,False
legacy_player_form,3,add,fwd_rating_mean_5,6,-0.0008901132719528526,3,0.003342405181458785,False
legacy_player_form,3,add,adjusted_defensive_actions_lineup_mean_ewm,6,-0.0007309315096570623,2,0.004436702957126615,False
legacy_player_form,3,add,defensive_actions_per90_lineup_mean_3,6,-0.0006956392267323697,2,0.0037227193152091775,False
legacy_player_form,3,add,defensive_actions_per90_lineup_mean_ewm,6,-0.0006945927256323037,2,0.004484111616379183,False
legacy_player_form,3,add,adjusted_rating_lineup_mean_ewm,6,-0.0006800576662965962,3,0.0053581833141940205,False
legacy_player_form,3,add,fwd_count,6,-0.0006503408322952487,3,0.005486163953199785,False
legacy_player_form,3,add,key_passes_per90_lineup_mean_1,6,-0.0006499222403498761,3,0.008750048577358394,False
legacy_player_form,3,add,key_passes_per90_lineup_mean_trend_1_5,6,-0.0006436839738883426,3,0.008770837930508923,False
legacy_player_form,3,add,adjusted_defensive_actions_lineup_mean_3,6,-0.0006247338525674717,2,0.004482866023374887,False
legacy_player_form,3,add,rating_lineup_mean_ewm,6,-0.000616174574847439,2,0.004013303150416592,False
legacy_player_form,3,add,gk_rating_mean_5,6,-0.0006119148589559753,3,0.0029214071829362087,False
legacy_player_form,3,add,rating_lineup_mean_std_5,6,-0.0005685626075143668,2,0.004980124406203323,False
legacy_player_form,3,add,adjusted_key_passes_lineup_mean_3,6,-0.0005664225231889919,2,0.004698433375915023,False
legacy_player_form,3,add,adjusted_rating_lineup_mean_std_5,6,-0.0005452151588141829,2,0.004779844637902819,False
legacy_player_form,3,add,adjusted_shots_lineup_mean_ewm,6,-0.0005169561173226089,2,0.0041917389910983704,False
legacy_player_form,3,add,def_rating_mean_5,6,-0.00048412150802636946,2,0.0029642075872644558,False
legacy_player_form,3,add,mid_count,6,-0.0004384478466997521,3,0.003657666601045051,False
legacy_player_form,3,add,adjusted_defensive_actions_lineup_mean_5,6,-0.0004309169745505548,2,0.004174043470588584,False
legacy_player_form,3,add,adjusted_defensive_actions_lineup_mean_std_5,6,-0.00041262436792106617,2,0.005360689877515368,False
legacy_player_form,3,add,defensive_actions_per90_sum_5,6,-0.00040227826382650546,2,0.003724339298682877,False
legacy_player_form,3,add,adjusted_key_passes_lineup_mean_ewm,6,-0.00015913138105216884,2,0.007249408884530517,False
legacy_player_form,3,add,shots_per90_lineup_mean_3,6,-0.00012170561005766522,3,0.003608155537468738,False
legacy_player_form,3,add,adjusted_rating_lineup_mean_3,6,2.607321247889427e-05,3,0.005151121850658358,False
legacy_player_form,3,add,adjusted_shots_lineup_mean_5,6,5.290135652582517e-05,2,0.004941008252491108,False
legacy_player_form,3,add,adjusted_rating_lineup_mean_5,6,0.00011366110502839533,3,0.00556773807205635,False
legacy_player_form,3,add,def_count,6,0.0001672258396054893,3,0.00647859703086362,False
legacy_player_form,3,add,mid_adjusted_key_passes_5,6,0.00018840876683299257,2,0.004828942726550434,False
legacy_player_form,3,add,adjusted_shots_lineup_mean_3,6,0.00025159398870084894,3,0.004892058197704774,False
legacy_player_form,3,add,rating_mean_5,6,0.0003592328698129643,2,0.0040221792112270505,False
legacy_player_form,3,add,adjusted_key_passes_lineup_mean_5,6,0.0004622053193894304,2,0.0067403321854662135,False
legacy_player_form,3,add,rating_lineup_mean_3,6,0.0006064704430020385,2,0.00423346773921085,False
legacy_player_form,3,add,adjusted_defensive_actions_lineup_std_across_starters_5,6,0.0020976247511398593,1,0.008247810008946255,False
legacy_player_form,3,add,elo_rating,6,0.002170179289467611,2,0.010093475030467314,False
legacy_player_form,3,add,elo_difference,6,0.0021701835544898794,2,0.01009334981644916,False
legacy_player_form,3,add,opponent_elo_rating,6,0.0021705065183886597,2,0.010094794998468659,False
legacy_player_form,3,add,defence_goal_rate_ewm,6,0.00223985210704043,1,0.007397746521861759,False
legacy_player_form,3,add,attack_goal_rate_ewm,6,0.0023860280209076603,1,0.0070216951777130054,False
legacy_player_form,3,add,elo_expected_result,6,0.003180973594305625,2,0.012245605044213348,False
legacy_player_form,3,add,expected_goals_strength,6,0.004948817529225979,1,0.012236047608252809,False
legacy_player_form,3,add,prior_team_matches,6,0.04114861773790122,1,0.12382163707050498,False
legacy_player_form,4,remove,shots_per90_sum_5,5,-0.003848455029051734,4,0.0010844475615221505,True
legacy_player_form,4,remove,starters_without_full_window,5,-0.003811652209251104,4,0.0007386932283681702,False
legacy_player_form,4,remove,recent_minutes_sum_5,5,-0.0034440520618084225,3,0.0006954907286491618,False
legacy_player_form,4,add,adjusted_shots_lineup_std_across_starters_5,7,-0.0033774971733514293,3,0.002921187818661908,False
legacy_player_form,4,add,mean_pairwise_prior_minutes,7,-0.00316220078083973,3,0.00401324360334987,False
legacy_player_form,4,remove,starters_without_history,5,-0.0031390967192452155,3,0.0016247530216910722,False
legacy_player_form,4,add,key_passes_per90_lineup_mean_3,7,-0.00309468635914667,3,0.002758247768603894,False
legacy_player_form,4,add,mean_pairwise_prior_starts,7,-0.0030076702169255175,3,0.003920858105889491,False
legacy_player_form,4,add,rating_lineup_mean_trend_1_5,7,-0.002992900420360689,3,0.002139952957041613,False
legacy_player_form,4,add,adjusted_rating_lineup_mean_trend_1_5,7,-0.002897829397306162,3,0.002105736800073199,False
legacy_player_form,4,add,adjusted_key_passes_lineup_std_across_starters_5,7,-0.0028391780768892484,4,0.0026151971074300784,False
legacy_player_form,4,add,gk_count,7,-0.002826161116243675,3,0.0021258878585868057,False
legacy_player_form,4,add,mid_rating_mean_5,7,-0.002800390491510396,4,0.0016825458313292074,False
legacy_player_form,4,add,rating_lineup_std_across_starters_5,7,-0.002794185018309725,3,0.002737829761441435,False
legacy_player_form,4,add,adjusted_rating_lineup_mean_1,7,-0.0027420887562291663,3,0.0027410795885567385,False
legacy_player_form,4,add,fwd_adjusted_shots_5,7,-0.0027380081021515235,3,0.004598661233957468,False
legacy_player_form,4,add,rating_lineup_mean_1,7,-0.0025909388240542342,3,0.0024005453606189553,False
legacy_player_form,4,add,defensive_actions_per90_lineup_mean_1,7,-0.002518204343887764,3,0.0024520718358630456,False
legacy_player_form,4,add,rating_lineup_min_5,7,-0.0024918858868788083,3,0.0032626875659571564,False
legacy_player_form,4,add,adjusted_shots_lineup_mean_trend_1_5,7,-0.0024684232131788387,3,0.003422002307997385,False
legacy_player_form,4,add,adjusted_defensive_actions_lineup_mean_1,7,-0.0024644265346269512,3,0.0026556162629175484,False
legacy_player_form,4,add,adjusted_shots_lineup_mean_1,7,-0.0024270793830444724,3,0.0027663938776022468,False
legacy_player_form,4,add,def_adjusted_defensive_actions_5,7,-0.0023948262486100493,3,0.00374891671933808,False
legacy_player_form,4,add,shots_per90_lineup_mean_1,7,-0.002268334058389687,3,0.003412189714185887,False
legacy_player_form,4,add,shots_per90_lineup_mean_trend_1_5,7,-0.0022678271266208362,3,0.003414511672984122,False
legacy_player_form,4,add,new_player_pairs,7,-0.0022606527137587927,3,0.0035378114579396325,False
legacy_player_form,4,add,rating_lineup_max_5,7,-0.0022521637122302706,3,0.0036418200016195,False
legacy_player_form,4,add,adjusted_shots_lineup_mean_std_5,7,-0.0022290364100054027,3,0.0029140541579645296,False
legacy_player_form,4,add,adjusted_key_passes_lineup_mean_std_5,7,-0.0022269511100331263,3,0.0020052849566836173,False
legacy_player_form,4,add,adjusted_defensive_actions_lineup_mean_trend_1_5,7,-0.002178911841160325,3,0.0023864199432822586,False
legacy_player_form,4,add,rating_lineup_top3_mean_5,7,-0.00217776288100342,3,0.003628971418984106,False
legacy_player_form,4,add,defensive_actions_per90_lineup_mean_trend_1_5,7,-0.002162596534837813,3,0.002408741599340125,False
legacy_player_form,4,add,gk_saves_per90_5,7,-0.0021401222822098774,3,0.0022625715236973543,False
legacy_player_form,4,add,adjusted_key_passes_lineup_mean_1,7,-0.002102256853182216,3,0.005290123677233138,False
legacy_player_form,4,add,shots_per90_lineup_mean_ewm,7,-0.0020910178817653115,3,0.003309852084512288,False
legacy_player_form,4,add,replacement_quality,7,-0.0020686076329918812,3,0.0028962871007760516,False
legacy_player_form,4,remove,key_passes_per90_sum_5,5,-0.0019758441824180963,4,0.003049033704727977,False
legacy_player_form,4,add,adjusted_rating_lineup_std_across_starters_5,7,-0.0019592153863399187,3,0.0027269180016529226,False
legacy_player_form,4,add,key_passes_per90_lineup_mean_ewm,7,-0.0019517394541346933,2,0.0037768099415205203,False
legacy_player_form,4,add,adjusted_key_passes_lineup_mean_trend_1_5,7,-0.0019512467815964384,3,0.0076264840634129305,False
legacy_player_form,4,add,fwd_rating_mean_5,7,-0.0018614698529386242,3,0.0024949124438606862,False
legacy_player_form,4,remove,missing_regular_starters,5,-0.001830270838557424,3,0.003191504053788985,False
legacy_player_form,4,add,adjusted_defensive_actions_lineup_mean_ewm,7,-0.0017783435314302487,2,0.003251817168255844,False
legacy_player_form,4,add,retained_starters,7,-0.001749931175926367,3,0.0037519235174801047,False
legacy_player_form,4,add,defensive_actions_per90_lineup_mean_ewm,7,-0.0017460777780139436,3,0.003305012829464049,False
legacy_player_form,4,add,defensive_actions_per90_lineup_mean_3,7,-0.0017304934877656608,2,0.002666468856678428,False
legacy_player_form,4,add,adjusted_rating_lineup_mean_ewm,7,-0.0016712272584160192,3,0.0041253315765935605,False
legacy_player_form,4,add,fwd_count,7,-0.0016704419483298371,3,0.004701463622634794,False
legacy_player_form,4,add,adjusted_defensive_actions_lineup_mean_3,7,-0.0016650055599589208,2,0.0033047645662711567,False
legacy_player_form,4,add,key_passes_per90_lineup_mean_1,7,-0.0016570408217484456,3,0.007648831369691078,False
legacy_player_form,4,add,key_passes_per90_lineup_mean_trend_1_5,7,-0.0016509664946193548,3,0.007669321720208733,False
legacy_player_form,4,add,new_starters,7,-0.0016046273618916195,3,0.003739260166908398,False
legacy_player_form,4,add,adjusted_key_passes_lineup_mean_3,7,-0.0016033092415644878,2,0.00366011149446277,False
legacy_player_form,4,add,rating_lineup_mean_std_5,7,-0.0015659773868008874,2,0.004504950561545318,False
legacy_player_form,4,add,adjusted_rating_lineup_mean_std_5,7,-0.0015570906049154677,3,0.0043048752119529965,False
legacy_player_form,4,add,rating_lineup_mean_ewm,7,-0.0015555881989718356,3,0.0028924668203285098,False
legacy_player_form,4,add,adjusted_shots_lineup_mean_ewm,7,-0.001546599338409438,2,0.0030060295745519827,False
legacy_player_form,4,add,gk_rating_mean_5,7,-0.0015083663121184365,3,0.0020163917918699648,False
legacy_player_form,4,add,adjusted_defensive_actions_lineup_mean_5,7,-0.0014877299185709347,2,0.0037392331197907414,False
legacy_player_form,4,add,defensive_actions_per90_sum_5,7,-0.001458561301846717,2,0.0032860393377007746,False
legacy_player_form,4,add,adjusted_defensive_actions_lineup_mean_std_5,7,-0.0014334551732455125,3,0.004189506530372533,False
legacy_player_form,4,add,def_rating_mean_5,7,-0.0014303039955728015,3,0.0024108458582752235,False
legacy_player_form,4,add,mid_count,7,-0.001352399599722931,3,0.002868678884734077,False
legacy_player_form,4,add,adjusted_key_passes_lineup_mean_ewm,7,-0.0011908751529828843,2,0.0068253998793628146,False
legacy_player_form,4,add,shots_per90_lineup_mean_3,7,-0.001105501122648378,3,0.002657495849602176,False
legacy_player_form,4,add,adjusted_rating_lineup_mean_3,7,-0.0009707107083868127,3,0.003718552117209173,False
legacy_player_form,4,add,adjusted_rating_lineup_mean_5,7,-0.0008995902022852498,3,0.004350259876619744,False
legacy_player_form,4,add,adjusted_shots_lineup_mean_5,7,-0.000876316935567778,2,0.0038454824730475012,False
legacy_player_form,4,add,def_count,7,-0.000825749256852859,3,0.0050776924579014615,False
legacy_player_form,4,add,mid_adjusted_key_passes_5,7,-0.0007836078588760786,3,0.004279550808797383,False
legacy_player_form,4,add,adjusted_shots_lineup_mean_3,7,-0.0007602630823170253,3,0.0037156099657715824,False
legacy_player_form,4,add,rating_mean_5,7,-0.000586873022008505,2,0.0029363214752998745,False
legacy_player_form,4,add,adjusted_key_passes_lineup_mean_5,7,-0.00045168554711025875,2,0.005769342134563593,False
legacy_player_form,4,add,rating_lineup_mean_3,7,-0.0003263236228991051,3,0.00294625815197036,False
legacy_player_form,4,add,adjusted_defensive_actions_lineup_std_across_starters_5,7,0.0010197671147404552,1,0.00692222792342867,False
legacy_player_form,4,add,defence_goal_rate_ewm,7,0.0012490527553800312,2,0.004197456140235811,False
legacy_player_form,4,add,attack_goal_rate_ewm,7,0.0014269895345457196,2,0.006101295320083522,False
legacy_player_form,4,add,elo_rating,7,0.001488756313148687,2,0.009810314608641901,False
legacy_player_form,4,add,elo_difference,7,0.001489163976238017,2,0.009812341177754424,False
legacy_player_form,4,add,opponent_elo_rating,7,0.001489301023598144,2,0.009812945097974812,False
legacy_player_form,4,add,elo_expected_result,7,0.0024580787222755916,2,0.012054656512215933,False
legacy_player_form,4,add,expected_goals_strength,7,0.004114388683304493,1,0.00913345428323975,False
legacy_player_form,4,add,prior_team_matches,7,0.038636957142601625,1,0.11860983560060667,False
legacy_player_form,5,remove,starters_without_full_window,4,-0.004576446580275806,5,-0.0008391778853038545,True
legacy_player_form,5,remove,recent_minutes_sum_5,4,-0.004357876361070212,5,-0.0007677947538331509,False
legacy_player_form,5,remove,starters_without_history,4,-0.004253179145708286,4,0.00039281924263179224,False
legacy_player_form,5,add,mean_pairwise_prior_minutes,6,-0.004172196699393416,3,0.0029790383783561136,False
legacy_player_form,5,add,key_passes_per90_lineup_mean_3,6,-0.0040835791386084844,4,0.001895229935606535,False
legacy_player_form,5,add,mean_pairwise_prior_starts,6,-0.004020459733852988,3,0.0028859923193561565,False
legacy_player_form,5,add,rating_lineup_mean_trend_1_5,6,-0.003963247372436296,4,0.0010925912763111167,False
legacy_player_form,5,add,adjusted_key_passes_lineup_std_across_starters_5,6,-0.0038977486715745966,4,0.0016292728518414457,False
legacy_player_form,5,add,adjusted_rating_lineup_mean_trend_1_5,6,-0.003894577291678658,3,0.0010438383221929026,False
legacy_player_form,5,add,rating_lineup_std_across_starters_5,6,-0.0038660848986860285,4,0.0016968980942222434,False
legacy_player_form,5,add,gk_count,6,-0.003848463545639058,4,0.0010844530748044257,False
legacy_player_form,5,add,adjusted_rating_lineup_mean_1,6,-0.003814609661400614,4,0.0016304659399950516,False
legacy_player_form,5,add,mid_rating_mean_5,6,-0.0038029715019131547,5,-2.0420756485561853e-05,False
legacy_player_form,5,add,adjusted_shots_lineup_std_across_starters_5,6,-0.0037762050152621907,4,0.000549647834033995,False
legacy_player_form,5,add,rating_lineup_min_5,6,-0.0036528622582427507,4,0.0021924486299469415,False
legacy_player_form,5,add,rating_lineup_mean_1,6,-0.0036168933696894222,4,0.001375219058797672,False
legacy_player_form,5,add,defensive_actions_per90_lineup_mean_1,6,-0.0035191085249012045,4,0.0013456014431190155,False
legacy_player_form,5,add,adjusted_shots_lineup_mean_trend_1_5,6,-0.003496705999142713,3,0.0023894844700049767,False
legacy_player_form,5,add,adjusted_defensive_actions_lineup_mean_1,6,-0.003466100243303516,4,0.0015416460757187167,False
legacy_player_form,5,add,shots_per90_lineup_mean_ewm,6,-0.0034037561456758516,3,0.0021929254226396022,False
legacy_player_form,5,add,rating_lineup_max_5,6,-0.0034023464784518564,3,0.002197780158176954,False
legacy_player_form,5,add,adjusted_shots_lineup_mean_1,6,-0.0033880072056901244,3,0.0019068491020535205,False
legacy_player_form,5,add,new_player_pairs,6,-0.0033101394559599704,3,0.0023911894821847524,False
legacy_player_form,5,add,shots_per90_lineup_mean_trend_1_5,6,-0.0033043487512053106,3,0.0023722845866767095,False
legacy_player_form,5,add,def_adjusted_defensive_actions_5,6,-0.003301831885613371,4,0.0029571055112376232,False
legacy_player_form,5,add,gk_saves_per90_5,6,-0.0032672170367089803,3,0.0010189010308148116,False
legacy_player_form,5,add,adjusted_shots_lineup_mean_std_5,6,-0.0032585136883098277,4,0.002071104113979594,False
legacy_player_form,5,add,adjusted_key_passes_lineup_mean_std_5,6,-0.0032106806657141718,4,0.001023395596481791,False
legacy_player_form,5,add,rating_lineup_top3_mean_5,6,-0.003194536432789308,3,0.00236438991190413,False
legacy_player_form,5,add,adjusted_defensive_actions_lineup_mean_trend_1_5,6,-0.0031820202798277684,4,0.0013007371747595364,False
legacy_player_form,5,add,defensive_actions_per90_lineup_mean_trend_1_5,6,-0.0031627648079645353,4,0.0013233884870667012,False
legacy_player_form,5,add,shots_per90_lineup_mean_1,6,-0.003132290169593177,3,0.002701147682870886,False
legacy_player_form,5,add,adjusted_key_passes_lineup_mean_1,6,-0.00309677928908092,4,0.004343855725362333,False
legacy_player_form,5,add,fwd_adjusted_shots_5,6,-0.0030736922880864716,3,0.0028854301369942714,False
legacy_player_form,5,add,replacement_quality,6,-0.00307225777601019,3,0.0019000185217750154,False
legacy_player_form,5,add,adjusted_shots_lineup_mean_ewm,6,-0.0030451931549037915,2,0.0015954727702061078,False
legacy_player_form,5,add,adjusted_rating_lineup_std_across_starters_5,6,-0.003039247978303505,3,0.0009983789391130315,False
legacy_player_form,5,add,adjusted_key_passes_lineup_mean_trend_1_5,6,-0.0029557707058800895,4,0.006669217712048647,False
legacy_player_form,5,add,key_passes_per90_lineup_mean_ewm,6,-0.002948411405045803,3,0.0027729238931617495,False
legacy_player_form,5,add,adjusted_rating_lineup_mean_ewm,6,-0.0028952184116127987,3,0.003083576345560557,False
legacy_player_form,5,add,fwd_rating_mean_5,6,-0.002885681103945714,3,0.0013998985442882361,False
legacy_player_form,5,add,shots_per90_sum_5,6,-0.002826177152276932,3,0.002125903275091545,False
legacy_player_form,5,add,rating_lineup_mean_ewm,6,-0.0028094686308356653,3,0.001976993200855981,False
legacy_player_form,5,remove,missing_regular_starters,4,-0.0028068476184401224,3,0.002200648673762129,False
legacy_player_form,5,add,defensive_actions_per90_lineup_mean_3,6,-0.002802761117082464,2,0.0015979289739587177,False
legacy_player_form,5,add,retained_starters,6,-0.0027910118881724786,3,0.002705964418005413,False
legacy_player_form,5,add,adjusted_defensive_actions_lineup_mean_3,6,-0.002778198338922344,2,0.0021875995034670304,False
legacy_player_form,5,add,fwd_count,6,-0.002738555409577881,3,0.00329121398624288,False
legacy_player_form,5,add,adjusted_defensive_actions_lineup_mean_ewm,6,-0.002738398397203512,2,0.0021080259540182666,False
legacy_player_form,5,add,defensive_actions_per90_lineup_mean_ewm,6,-0.002715217189538843,3,0.0022235287402880832,False
legacy_player_form,5,add,adjusted_key_passes_lineup_mean_3,6,-0.0026869225554528196,3,0.0026505337422457753,False
legacy_player_form,5,add,key_passes_per90_lineup_mean_1,6,-0.0026618164755676022,4,0.006710249443094618,False
legacy_player_form,5,add,shots_per90_lineup_mean_3,6,-0.0026596980058055442,3,0.0025739465493563873,False
legacy_player_form,5,add,key_passes_per90_lineup_mean_trend_1_5,6,-0.0026558715780682584,4,0.006729841220544985,False
legacy_player_form,5,add,rating_lineup_mean_std_5,6,-0.002628739898251098,3,0.0026349531238012425,False
legacy_player_form,5,add,adjusted_rating_lineup_mean_std_5,6,-0.00260543989751687,3,0.0024433516503317154,False
legacy_player_form,5,add,new_starters,6,-0.0025927264682200414,3,0.002702844804140403,False
legacy_player_form,5,add,adjusted_defensive_actions_lineup_mean_5,6,-0.002547199466530192,2,0.003430019925141914,False
legacy_player_form,5,add,mid_count,6,-0.0024829260963042275,3,0.0016856845836172862,False
legacy_player_form,5,add,def_rating_mean_5,6,-0.00246254920239386,3,0.0009043851272094727,False
legacy_player_form,5,add,adjusted_defensive_actions_lineup_mean_std_5,6,-0.0024170165766394637,3,0.0031711562521501424,False
legacy_player_form,5,add,defensive_actions_per90_sum_5,6,-0.00241119231435325,2,0.003300910888218711,False
legacy_player_form,5,add,adjusted_shots_lineup_mean_3,6,-0.0023908813605421518,3,0.0022248085052452016,False
legacy_player_form,5,add,gk_rating_mean_5,6,-0.0023480776261210145,3,0.0010198173055956383,False
legacy_player_form,5,add,adjusted_shots_lineup_mean_5,6,-0.002312094169259282,3,0.0017861699086605398,False
legacy_player_form,5,add,adjusted_key_passes_lineup_mean_ewm,6,-0.002171019263955909,3,0.006521223065324211,False
legacy_player_form,5,add,adjusted_rating_lineup_mean_3,6,-0.0021652446876249563,3,0.0026336153051176314,False
legacy_player_form,5,add,mid_adjusted_key_passes_5,6,-0.0021034728080576936,3,0.0022837464565079735,False
legacy_player_form,5,add,adjusted_rating_lineup_mean_5,6,-0.002065920433490076,3,0.0032512031395020013,False
legacy_player_form,5,add,def_count,6,-0.0018480804327216439,3,0.004148413619623814,False
legacy_player_form,5,add,rating_mean_5,6,-0.0017782107776975974,2,0.0019062735050843216,False
legacy_player_form,5,add,adjusted_key_passes_lineup_mean_5,6,-0.001566436066803556,2,0.004600196514611854,False
legacy_player_form,5,add,rating_lineup_mean_3,6,-0.0015500286326715074,3,0.0019707931570570603,False
legacy_player_form,5,remove,key_passes_per90_sum_5,4,-0.0011707413023364088,3,0.002316624764199471,False
legacy_player_form,5,add,adjusted_defensive_actions_lineup_std_across_starters_5,6,2.0802258742902424e-05,2,0.005744982574310553,False
legacy_player_form,5,add,opponent_elo_rating,6,0.0001692839291896897,2,0.00960972627352974,False
legacy_player_form,5,add,elo_difference,6,0.00016930329807351985,2,0.009609742234038432,False
legacy_player_form,5,add,elo_rating,6,0.00016933050827303565,2,0.009609889471147381,False
legacy_player_form,5,add,defence_goal_rate_ewm,6,0.0001708221446834024,2,0.004635759973297349,False
legacy_player_form,5,add,attack_goal_rate_ewm,6,0.0003171215872919575,2,0.005404482892569007,False
legacy_player_form,5,add,elo_expected_result,6,0.001057758695274269,3,0.011537785818948931,False
legacy_player_form,5,add,expected_goals_strength,6,0.002956905323504633,1,0.009565663375350919,False
legacy_player_form,5,add,prior_team_matches,6,0.03909065425727494,1,0.12272658046277951,False
legacy_player_form,6,remove,starters_without_history,3,-0.005013150275788525,5,-0.0016262310520286372,False
legacy_player_form,6,add,mean_pairwise_prior_minutes,5,-0.004848090931745519,3,0.0009505197854249303,False
legacy_player_form,6,add,key_passes_per90_lineup_mean_3,5,-0.004818900914792179,5,-0.0004674800773272203,False
legacy_player_form,6,add,rating_lineup_mean_trend_1_5,5,-0.004734254199287702,5,-0.001175580980925628,False
legacy_player_form,6,add,mean_pairwise_prior_starts,5,-0.0047054539356553345,3,0.0009162887003346665,False
legacy_player_form,6,add,adjusted_rating_lineup_mean_trend_1_5,5,-0.00463473625890114,5,-0.0005624883074956122,False
legacy_player_form,6,add,mid_rating_mean_5,5,-0.004615190351129695,5,-0.0008523618790401422,False
legacy_player_form,6,add,rating_lineup_std_across_starters_5,5,-0.004598577800101866,5,-0.0007277647314789526,False
legacy_player_form,6,add,gk_count,5,-0.004576390109082307,5,-0.0008391752552836529,False
legacy_player_form,6,add,adjusted_key_passes_lineup_std_across_starters_5,5,-0.004539060910801673,5,-1.3070519642166545e-06,False
legacy_player_form,6,add,adjusted_shots_lineup_std_across_starters_5,5,-0.004536766786997282,5,-0.0009920968769887573,False
legacy_player_form,6,add,adjusted_rating_lineup_mean_1,5,-0.004516300712218602,5,-0.0006531573145507341,False
legacy_player_form,6,add,rating_lineup_min_5,5,-0.004385658709354057,5,-0.00017929496670787692,False
legacy_player_form,6,add,rating_lineup_mean_1,5,-0.004274026503950279,5,-0.000890201826288739,False
legacy_player_form,6,add,adjusted_shots_lineup_mean_trend_1_5,5,-0.0042491411855747115,5,-2.892688834399415e-05,False
legacy_player_form,6,add,shots_per90_lineup_mean_ewm,5,-0.0042142519397735615,4,0.00010073798256504674,False
legacy_player_form,6,add,defensive_actions_per90_lineup_mean_1,5,-0.004166898746118752,5,-0.0008255794138372075,False
legacy_player_form,6,add,adjusted_shots_lineup_mean_1,5,-0.004156843155967671,4,0.0005943472426321872,False
legacy_player_form,6,add,adjusted_defensive_actions_lineup_mean_1,5,-0.004131896571984539,5,-0.0006263155570001011,False
legacy_player_form,6,remove,recent_minutes_sum_5,3,-0.004108855827754753,5,-0.0007077287109307218,False
legacy_player_form,6,add,gk_saves_per90_5,5,-0.004069281117575962,5,-0.0007136209129938731,False
legacy_player_form,6,add,shots_per90_lineup_mean_trend_1_5,5,-0.004056860402279439,4,0.0004589700049963952,False
legacy_player_form,6,add,new_player_pairs,5,-0.0040433388323689815,4,6.773576537766335e-05,False
legacy_player_form,6,add,rating_lineup_max_5,5,-0.004028870462942513,4,0.001091828648161819,False
legacy_player_form,6,add,adjusted_key_passes_lineup_mean_std_5,5,-0.003943435354057656,5,-0.0005085380425395858,False
legacy_player_form,6,add,def_adjusted_defensive_actions_5,5,-0.003938870291686025,4,0.0008492816819679616,False
legacy_player_form,6,add,replacement_quality,5,-0.003907670476191916,5,-0.0004518578597252354,False
legacy_player_form,6,add,shots_per90_lineup_mean_1,5,-0.003893151377217663,3,0.0014588207855810165,False
legacy_player_form,6,add,adjusted_shots_lineup_mean_std_5,5,-0.003886846697395319,5,-0.00025892991636955465,False
legacy_player_form,6,add,adjusted_defensive_actions_lineup_mean_trend_1_5,5,-0.0038705654887022157,5,-0.00088372851273677,False
legacy_player_form,6,add,starters_without_full_window,5,-0.003848455029051734,4,0.0010844475615221505,False
legacy_player_form,6,add,defensive_actions_per90_lineup_mean_trend_1_5,5,-0.0038434083938748476,5,-0.0006288777410662361,False
legacy_player_form,6,add,adjusted_key_passes_lineup_mean_1,5,-0.003830800375521015,4,0.0019823106667722357,False
legacy_player_form,6,add,shots_per90_sum_5,5,-0.003811652209251104,4,0.0007386932283681702,False
legacy_player_form,6,add,fwd_adjusted_shots_5,5,-0.0038104184309618373,4,0.002058010783345221,False
legacy_player_form,6,add,adjusted_shots_lineup_mean_ewm,5,-0.0037994849471006064,4,0.0012269637443691472,False
legacy_player_form,6,add,rating_lineup_top3_mean_5,5,-0.003751844027794493,4,0.0013668540887772362,False
legacy_player_form,6,add,adjusted_rating_lineup_std_across_starters_5,5,-0.003747081676687758,4,0.00017432237985048893,False
legacy_player_form,6,add,fwd_rating_mean_5,5,-0.003711939449289536,5,-0.0001554631763669434,False
legacy_player_form,6,add,adjusted_key_passes_lineup_mean_trend_1_5,5,-0.003701573936700542,4,0.00426886185762454,False
legacy_player_form,6,add,key_passes_per90_lineup_mean_ewm,5,-0.0036993710502987833,3,0.0022697940995553,False
legacy_player_form,6,add,adjusted_rating_lineup_mean_ewm,5,-0.0035969398668647345,4,0.00100113966485893,False
legacy_player_form,6,add,defensive_actions_per90_lineup_mean_3,5,-0.0035218515058926146,4,0.0011356013528489584,False
legacy_player_form,6,add,adjusted_defensive_actions_lineup_mean_3,5,-0.003509609260564117,4,0.0011307918027168018,False
legacy_player_form,6,add,adjusted_key_passes_lineup_mean_3,5,-0.003478241983317698,4,0.0029966799100298314,False
legacy_player_form,6,add,shots_per90_lineup_mean_3,5,-0.003456304543874955,3,0.0009452260432825099,False
legacy_player_form,6,add,adjusted_defensive_actions_lineup_mean_ewm,5,-0.0034356576634526183,2,0.000701597168298207,False
legacy_player_form,6,add,key_passes_per90_lineup_mean_1,5,-0.0034162196471464678,4,0.004246415863785602,False
legacy_player_form,6,add,rating_lineup_mean_ewm,5,-0.003412450299226233,4,0.00023762150563721995,False
legacy_player_form,6,add,key_passes_per90_lineup_mean_trend_1_5,5,-0.0034102524903347974,4,0.004266305337682352,False
legacy_player_form,6,add,fwd_count,5,-0.0034072786775146023,3,0.0024584627305346274,False
legacy_player_form,6,add,defensive_actions_per90_lineup_mean_ewm,5,-0.00339285832876417,2,0.0005614463847436468,False
legacy_player_form,6,add,retained_starters,5,-0.0033414105174477847,4,0.001128280541866089,False
legacy_player_form,6,remove,missing_regular_starters,3,-0.003324002559089867,4,0.0002939340937859747,False
legacy_player_form,6,add,rating_lineup_mean_std_5,5,-0.0032964500723435377,3,0.002545653260425995,False
legacy_player_form,6,add,mid_count,5,-0.0032945058065396936,4,0.0003754106026030435,False
legacy_player_form,6,add,adjusted_rating_lineup_mean_std_5,5,-0.0032911648195975475,3,0.0023843448316978044,False
legacy_player_form,6,add,adjusted_defensive_actions_lineup_mean_5,5,-0.0032495403520329535,4,0.004022803762568805,False
legacy_player_form,6,add,adjusted_shots_lineup_mean_5,5,-0.003212279661622697,4,0.000835565055459675,False
legacy_player_form,6,add,new_starters,5,-0.0031910967341198583,4,0.0010907730155550466,False
legacy_player_form,6,add,adjusted_shots_lineup_mean_3,5,-0.003141898093691209,3,0.0011083973610666042,False
legacy_player_form,6,add,def_rating_mean_5,5,-0.0031323720373879205,4,0.0005087118300590721,False
legacy_player_form,6,add,gk_rating_mean_5,5,-0.003109467451659409,5,-0.0005771326763517326,False
legacy_player_form,6,add,adjusted_defensive_actions_lineup_mean_std_5,5,-0.0030956730229897422,2,0.0012405948608599227,False
legacy_player_form,6,add,defensive_actions_per90_sum_5,5,-0.0030793857162483063,4,0.004039205381809241,False
legacy_player_form,6,add,adjusted_key_passes_lineup_mean_ewm,5,-0.0029382419525261438,4,0.007138897638267805,False
legacy_player_form,6,add,adjusted_rating_lineup_mean_5,5,-0.002831115085237856,3,0.0012334377112026562,False
legacy_player_form,6,add,mid_adjusted_key_passes_5,5,-0.0028182228320509984,3,0.0012890857437384273,False
legacy_player_form,6,add,adjusted_rating_lineup_mean_3,5,-0.002766789416499704,4,0.0007047639472402834,False
legacy_player_form,6,add,def_count,5,-0.0026019723977848573,3,0.0018461016871164082,False
legacy_player_form,6,add,rating_mean_5,5,-0.002446209119946463,3,0.002623059656788218,False
legacy_player_form,6,add,adjusted_key_passes_lineup_mean_5,5,-0.0023560131295067956,3,0.0036742174451869225,False
legacy_player_form,6,add,rating_lineup_mean_3,5,-0.0021272639667321513,3,0.0002680829976062782,False
legacy_player_form,6,remove,key_passes_per90_sum_5,3,-0.0019272274985623339,5,-0.00011941280030192125,False
legacy_player_form,6,add,adjusted_defensive_actions_lineup_std_across_starters_5,5,-0.0008384559165564243,2,0.003262154915455673,False
legacy_player_form,6,add,elo_difference,5,-0.0007255906588209849,3,0.010138846916005861,False
legacy_player_form,6,add,opponent_elo_rating,5,-0.0007255650787668655,3,0.010139106099654627,False
legacy_player_form,6,add,elo_rating,5,-0.0007252031560605054,3,0.010140889437006972,False
legacy_player_form,6,add,defence_goal_rate_ewm,5,-0.0006135251557274124,2,0.005252148824876901,False
legacy_player_form,6,add,attack_goal_rate_ewm,5,-0.000544704483235936,2,0.006264889337818547,False
legacy_player_form,6,add,elo_expected_result,5,0.00020384506604373965,3,0.012007417472396753,False
legacy_player_form,6,add,expected_goals_strength,5,0.0020699814455683364,1,0.010198845202789242,False
legacy_player_form,6,add,prior_team_matches,5,0.041349311829964194,0,0.12269166604543491,False
