model,model_label,feature_set,validation_season,train_matches,validation_matches,validation_leagues,base_feature_count,model_column_count,log_loss,brier_score,accuracy
player_form_logistic,Pooled player-form logistic,selected_full,2022-23,2743,1335,5,8,12,0.9302504287871136,0.5464040251129241,0.5714155959462461
player_form_logistic,Pooled player-form logistic,selected_full,2023-24,4078,1233,5,8,12,0.9306531238314246,0.5466316076998607,0.5644275358792108
player_form_logistic,Pooled player-form logistic,selected_full,2024-25,5311,1327,5,8,12,0.9801405749106753,0.5796550123522959,0.5263789461217521
player_form_logistic,Pooled player-form logistic,without_legacy_player_form,2022-23,2743,1335,5,7,11,0.9401620598853807,0.5516630161419075,0.5617320388097384
player_form_logistic,Pooled player-form logistic,without_legacy_player_form,2023-24,4078,1233,5,7,11,0.9379853005381994,0.550598341569384,0.5633976041084539
player_form_logistic,Pooled player-form logistic,without_legacy_player_form,2024-25,5311,1327,5,7,11,0.9807243880579264,0.5810208124788111,0.5299999046341551
player_form_logistic,Pooled player-form logistic,without_team_strength,2022-23,2743,1335,5,3,7,0.9866822391469905,0.5876020522958656,0.5352517498460058
player_form_logistic,Pooled player-form logistic,without_team_strength,2023-24,4078,1233,5,3,7,0.9820662779677203,0.5848223386436598,0.5302570250713537
player_form_logistic,Pooled player-form logistic,without_team_strength,2024-25,5311,1327,5,3,7,1.0167634618139405,0.6069837975857966,0.5053645791327263
player_form_logistic,Pooled player-form logistic,without_opponent_adjusted_form,2022-23,2743,1335,5,7,11,0.9305147226301542,0.546267047938596,0.5722924848635331
player_form_logistic,Pooled player-form logistic,without_opponent_adjusted_form,2023-24,4078,1233,5,7,11,0.9307103289186452,0.546409913072077,0.5675179846750213
player_form_logistic,Pooled player-form logistic,without_opponent_adjusted_form,2024-25,5311,1327,5,7,11,0.9824195150910111,0.5808628979227598,0.5271703498813807
player_form_logistic,Pooled player-form logistic,without_position_and_distribution,2022-23,2743,1335,5,7,11,0.9318281135668155,0.547102406018341,0.5714761908565222
player_form_logistic,Pooled player-form logistic,without_position_and_distribution,2023-24,4078,1233,5,7,11,0.9310052018109951,0.5466115030925072,0.5697269282481264
player_form_logistic,Pooled player-form logistic,without_position_and_distribution,2024-25,5311,1327,5,7,11,0.9802499909661881,0.5797878716583875,0.5302756483007695
market_plus_player_form,Pooled market + player-form logistic,selected_full,2022-23,2743,1335,5,5,9,0.9133502942457203,0.5362447228675441,0.5800494969986759
market_plus_player_form,Pooled market + player-form logistic,selected_full,2023-24,4078,1233,5,5,9,0.90841677705419,0.5340876542990276,0.5774548367582902
market_plus_player_form,Pooled market + player-form logistic,selected_full,2024-25,5311,1327,5,5,9,0.9423062754242151,0.5560352798154066,0.5702366678227289
market_plus_player_form,Pooled market + player-form logistic,without_legacy_player_form,2022-23,2743,1335,5,1,5,0.9141607444410695,0.5367908793850443,0.5796703828474736
market_plus_player_form,Pooled market + player-form logistic,without_legacy_player_form,2023-24,4078,1233,5,1,5,0.9098664705488231,0.5349926770989767,0.5811572381295489
market_plus_player_form,Pooled market + player-form logistic,without_legacy_player_form,2024-25,5311,1327,5,1,5,0.9405456296344713,0.554704493663791,0.5730375229769372
market_plus_player_form,Pooled market + player-form logistic,without_team_strength,2022-23,2743,1335,5,4,8,0.9141647194282105,0.5366590652238528,0.5781310643719507
market_plus_player_form,Pooled market + player-form logistic,without_team_strength,2023-24,4078,1233,5,4,8,0.9095987179866295,0.534478526000559,0.5758484328168763
market_plus_player_form,Pooled market + player-form logistic,without_team_strength,2024-25,5311,1327,5,4,8,0.9419002315673801,0.5557837561556231,0.5687342803969012
player_form_lightgbm,Pooled player-form LightGBM,selected_full,2022-23,2743,1335,5,19,23,0.9250403024249627,0.5443232594511087,0.5716383680546798
player_form_lightgbm,Pooled player-form LightGBM,selected_full,2023-24,4078,1233,5,19,23,0.9249454230825945,0.5444609035414028,0.5712782218317796
player_form_lightgbm,Pooled player-form LightGBM,selected_full,2024-25,5311,1327,5,19,23,0.9813710679587991,0.5840067926782689,0.5285190062768647
player_form_lightgbm,Pooled player-form LightGBM,without_legacy_player_form,2022-23,2743,1335,5,12,16,0.9272521358957331,0.545702695102959,0.5749020758356281
player_form_lightgbm,Pooled player-form LightGBM,without_legacy_player_form,2023-24,4078,1233,5,12,16,0.9255255958041829,0.5443573296715025,0.5698394061183564
player_form_lightgbm,Pooled player-form LightGBM,without_legacy_player_form,2024-25,5311,1327,5,12,16,0.9828462742875883,0.5843807607552497,0.5252411101358507
player_form_lightgbm,Pooled player-form LightGBM,without_team_strength,2022-23,2743,1335,5,11,15,0.9812272652716778,0.5838171264365812,0.5450064397826724
player_form_lightgbm,Pooled player-form LightGBM,without_team_strength,2023-24,4078,1233,5,11,15,0.9781544905938395,0.5814632317548877,0.5304034473583672
player_form_lightgbm,Pooled player-form LightGBM,without_team_strength,2024-25,5311,1327,5,11,15,1.015018837895451,0.6069183965053037,0.5014173858552902
player_form_lightgbm,Pooled player-form LightGBM,without_opponent_adjusted_form,2022-23,2743,1335,5,18,22,0.9266443503427068,0.5448577670976168,0.5752440386879256
player_form_lightgbm,Pooled player-form LightGBM,without_opponent_adjusted_form,2023-24,4078,1233,5,18,22,0.9268620676818383,0.5452752942745812,0.5685138589613891
player_form_lightgbm,Pooled player-form LightGBM,without_opponent_adjusted_form,2024-25,5311,1327,5,18,22,0.9826413150281514,0.5845341604249281,0.5307779903446552
player_form_lightgbm,Pooled player-form LightGBM,without_position_and_distribution,2022-23,2743,1335,5,18,22,0.9261865169877946,0.5449903536802901,0.570864723975151
player_form_lightgbm,Pooled player-form LightGBM,without_position_and_distribution,2023-24,4078,1233,5,18,22,0.9253035350621278,0.544594626100075,0.5693788602487332
player_form_lightgbm,Pooled player-form LightGBM,without_position_and_distribution,2024-25,5311,1327,5,18,22,0.9821360924615361,0.5843778741444503,0.5291212539117309
player_form_lightgbm,Pooled player-form LightGBM,without_recency,2022-23,2743,1335,5,17,21,0.9285358880471086,0.5459253675623043,0.5714148390528412
player_form_lightgbm,Pooled player-form LightGBM,without_recency,2023-24,4078,1233,5,17,21,0.9305069865108084,0.548017220569709,0.5666812778345687
player_form_lightgbm,Pooled player-form LightGBM,without_recency,2024-25,5311,1327,5,17,21,0.98174498414117,0.5840670999768772,0.5306404274997247
expanded_player_form_lightgbm,Pooled expanded player-form LightGBM,selected_full,2022-23,2743,1335,5,10,24,0.9241300856058446,0.5433325002790633,0.5746296413843253
expanded_player_form_lightgbm,Pooled expanded player-form LightGBM,selected_full,2023-24,4078,1233,5,10,24,0.9184932427223303,0.5405755760983835,0.5732469961688603
expanded_player_form_lightgbm,Pooled expanded player-form LightGBM,selected_full,2024-25,5311,1327,5,10,24,0.9680291711909582,0.5745460080818336,0.5361158866221477
expanded_player_form_lightgbm,Pooled expanded player-form LightGBM,without_legacy_player_form,2022-23,2743,1335,5,9,22,0.9265014318107114,0.5452617761841368,0.5630490188550298
expanded_player_form_lightgbm,Pooled expanded player-form LightGBM,without_legacy_player_form,2023-24,4078,1233,5,9,22,0.9228705458636581,0.5437397178890302,0.5736224039677736
expanded_player_form_lightgbm,Pooled expanded player-form LightGBM,without_legacy_player_form,2024-25,5311,1327,5,9,22,0.968697946005617,0.5749857389597282,0.5365741549046075
expanded_player_form_lightgbm,Pooled expanded player-form LightGBM,without_team_strength,2022-23,2743,1335,5,4,12,0.9821949577341051,0.5836570894712421,0.5408393202877699
expanded_player_form_lightgbm,Pooled expanded player-form LightGBM,without_team_strength,2023-24,4078,1233,5,4,12,0.9815044127237338,0.5824918053716115,0.5328442403854863
expanded_player_form_lightgbm,Pooled expanded player-form LightGBM,without_team_strength,2024-25,5311,1327,5,4,12,1.0037074657524712,0.5987148787823594,0.5062786143348952
expanded_player_form_lightgbm,Pooled expanded player-form LightGBM,without_opponent_adjusted_form,2022-23,2743,1335,5,8,20,0.9255794493490879,0.5441681370467045,0.5682988763507546
expanded_player_form_lightgbm,Pooled expanded player-form LightGBM,without_opponent_adjusted_form,2023-24,4078,1233,5,8,20,0.9217352289364671,0.5424459202727707,0.5668039472672415
expanded_player_form_lightgbm,Pooled expanded player-form LightGBM,without_opponent_adjusted_form,2024-25,5311,1327,5,8,20,0.96739275415917,0.5743910640637895,0.5407140899926464
expanded_player_form_lightgbm,Pooled expanded player-form LightGBM,without_position_and_distribution,2022-23,2743,1335,5,9,22,0.9274424916127313,0.5454180259286014,0.5693644652628664
expanded_player_form_lightgbm,Pooled expanded player-form LightGBM,without_position_and_distribution,2023-24,4078,1233,5,9,22,0.9182453077732557,0.5406384952730809,0.5731301152204549
expanded_player_form_lightgbm,Pooled expanded player-form LightGBM,without_position_and_distribution,2024-25,5311,1327,5,9,22,0.9704858835071619,0.5760173384688041,0.5384711159227917
