model,model_label,feature_set,base_feature_count,model_column_count,mean_log_loss,worst_fold_log_loss,fold_log_loss_std,mean_brier_score,selected_groups,group_count
player_form_logistic,Pooled player-form logistic,legacy_player_form,7,11,0.9896062040018503,1.0075933263504286,0.012874755470853622,0.5871660999851522,legacy_player_form,1
player_form_logistic,Pooled player-form logistic,team_strength,8,12,0.9577429406981521,0.9838083503103239,0.018984633935803578,0.5633694460942343,team_strength,1
player_form_logistic,Pooled player-form logistic,opponent_adjusted_form,24,28,1.0434031330624922,1.0508375450030285,0.008294642585268611,0.6271543041002895,opponent_adjusted_form,1
player_form_logistic,Pooled player-form logistic,lineup_continuity,7,11,1.042079311674024,1.0544828391601326,0.009055854350629076,0.6266183109171296,lineup_continuity,1
player_form_logistic,Pooled player-form logistic,position_and_distribution,20,24,1.006524250448975,1.0115911231256691,0.004231528062530657,0.5987110566366811,position_and_distribution,1
player_form_logistic,Pooled player-form logistic,recency,17,21,0.9959154203071975,1.0172337271122027,0.01555696328310184,0.5913382441820354,recency,1
player_form_logistic,Pooled player-form logistic,legacy_player_form + team_strength,15,19,0.9537499165802845,0.9837869618976546,0.021476263166630684,0.5604303838795526,legacy_player_form|team_strength,2
player_form_logistic,Pooled player-form logistic,legacy_player_form + opponent_adjusted_form,31,35,0.9611252351273887,0.9811928601442966,0.014659829345059236,0.5681703637759817,legacy_player_form|opponent_adjusted_form,2
player_form_logistic,Pooled player-form logistic,legacy_player_form + lineup_continuity,14,18,0.9854580675804148,1.006636077256972,0.015650686116756934,0.5838899078699649,legacy_player_form|lineup_continuity,2
player_form_logistic,Pooled player-form logistic,legacy_player_form + position_and_distribution,27,31,0.9832404080937135,0.9983286376045422,0.011122511346474736,0.5824100444012019,legacy_player_form|position_and_distribution,2
player_form_logistic,Pooled player-form logistic,legacy_player_form + recency,24,28,0.9825438422650499,0.997349008630706,0.011195279657879418,0.5826150530996996,legacy_player_form|recency,2
player_form_logistic,Pooled player-form logistic,team_strength + opponent_adjusted_form,32,36,0.9555852991083026,0.9858676951968496,0.021648791390239387,0.5616840130404374,team_strength|opponent_adjusted_form,2
player_form_logistic,Pooled player-form logistic,team_strength + lineup_continuity,15,19,0.9599037434710779,0.9869152356875961,0.020195472019959304,0.5643745522861255,team_strength|lineup_continuity,2
player_form_logistic,Pooled player-form logistic,team_strength + position_and_distribution,28,32,0.9613578766004536,0.9837692532446815,0.01638684443536505,0.5648710172835683,team_strength|position_and_distribution,2
player_form_logistic,Pooled player-form logistic,team_strength + recency,25,29,0.9544724191321192,0.9840542347638873,0.021171681054392343,0.5614936884503596,team_strength|recency,2
player_form_logistic,Pooled player-form logistic,opponent_adjusted_form + lineup_continuity,31,35,1.028327549161642,1.0442760782603255,0.013074289966832945,0.6155204026834421,opponent_adjusted_form|lineup_continuity,2
player_form_logistic,Pooled player-form logistic,opponent_adjusted_form + position_and_distribution,44,48,1.010039436873867,1.0173500504577657,0.006162689428295866,0.6012268758602535,opponent_adjusted_form|position_and_distribution,2
player_form_logistic,Pooled player-form logistic,opponent_adjusted_form + recency,41,45,0.9603174249736458,0.9857318562476449,0.01829176747799109,0.5670798007713971,opponent_adjusted_form|recency,2
player_form_logistic,Pooled player-form logistic,lineup_continuity + position_and_distribution,27,31,1.0008595441161228,1.015412978121684,0.010440286340981686,0.5937004917470626,lineup_continuity|position_and_distribution,2
player_form_logistic,Pooled player-form logistic,lineup_continuity + recency,24,28,0.9909922172324863,1.0187319313852226,0.02012849686811568,0.5872898919675069,lineup_continuity|recency,2
player_form_logistic,Pooled player-form logistic,position_and_distribution + recency,37,41,0.9860327243826527,1.0030610380096572,0.012555066985167366,0.5845026138961835,position_and_distribution|recency,2
player_form_logistic,Pooled player-form logistic,legacy_player_form + team_strength + opponent_adjusted_form,39,43,0.9581060581857963,0.9852438903551445,0.019403231647888895,0.5628986449405231,legacy_player_form|team_strength|opponent_adjusted_form,3
player_form_logistic,Pooled player-form logistic,legacy_player_form + team_strength + lineup_continuity,22,26,0.9566040314006337,0.986701962737704,0.021679171867834565,0.5618512490757822,legacy_player_form|team_strength|lineup_continuity,3
player_form_logistic,Pooled player-form logistic,legacy_player_form + team_strength + position_and_distribution,35,39,0.9602609702536338,0.9852659333443793,0.018209311292693566,0.5637666125867,legacy_player_form|team_strength|position_and_distribution,3
player_form_logistic,Pooled player-form logistic,legacy_player_form + team_strength + recency,32,36,0.9557877762963364,0.9840151329991125,0.020187592117877514,0.5620685714225069,legacy_player_form|team_strength|recency,3
player_form_logistic,Pooled player-form logistic,legacy_player_form + opponent_adjusted_form + lineup_continuity,38,42,0.9621197653450173,0.9842551782560787,0.015832090527476934,0.5680681399813188,legacy_player_form|opponent_adjusted_form|lineup_continuity,3
player_form_logistic,Pooled player-form logistic,legacy_player_form + opponent_adjusted_form + position_and_distribution,51,55,0.9696105358581272,0.9848391461001412,0.010892660844400184,0.5732200331277247,legacy_player_form|opponent_adjusted_form|position_and_distribution,3
player_form_logistic,Pooled player-form logistic,legacy_player_form + opponent_adjusted_form + recency,48,52,0.9582649762368367,0.9792484217562556,0.015271764375495643,0.5657942860903687,legacy_player_form|opponent_adjusted_form|recency,3
player_form_logistic,Pooled player-form logistic,legacy_player_form + lineup_continuity + position_and_distribution,34,38,0.9827582198774365,1.0008733732947366,0.01416426811628306,0.58130294355708,legacy_player_form|lineup_continuity|position_and_distribution,3
player_form_logistic,Pooled player-form logistic,legacy_player_form + lineup_continuity + recency,31,35,0.9799674109749863,0.9983386753020218,0.014570348617324787,0.5802914783419844,legacy_player_form|lineup_continuity|recency,3
player_form_logistic,Pooled player-form logistic,legacy_player_form + position_and_distribution + recency,44,48,0.9800481667325589,0.9927625994581077,0.010706766458732822,0.5802578183099465,legacy_player_form|position_and_distribution|recency,3
player_form_logistic,Pooled player-form logistic,team_strength + opponent_adjusted_form + lineup_continuity,39,43,0.9577018269875668,0.9895899346423376,0.022842044156749022,0.5626198953226804,team_strength|opponent_adjusted_form|lineup_continuity,3
player_form_logistic,Pooled player-form logistic,team_strength + opponent_adjusted_form + position_and_distribution,52,56,0.9635948099292819,0.9889002382996575,0.01831223515934278,0.5656769145006966,team_strength|opponent_adjusted_form|position_and_distribution,3
player_form_logistic,Pooled player-form logistic,team_strength + opponent_adjusted_form + recency,49,53,0.9568884125550494,0.9839257622721755,0.019457999335733254,0.5625769669719545,team_strength|opponent_adjusted_form|recency,3
player_form_logistic,Pooled player-form logistic,team_strength + lineup_continuity + position_and_distribution,35,39,0.963959824437556,0.9877338268567888,0.017681968391136633,0.5659788373272892,team_strength|lineup_continuity|position_and_distribution,3
player_form_logistic,Pooled player-form logistic,team_strength + lineup_continuity + recency,32,36,0.9566744732806345,0.9874907589876015,0.02223745835798943,0.562335492170005,team_strength|lineup_continuity|recency,3
player_form_logistic,Pooled player-form logistic,team_strength + position_and_distribution + recency,45,49,0.9607129580262393,0.9862118879889135,0.01861435563217231,0.5645063615471434,team_strength|position_and_distribution|recency,3
player_form_logistic,Pooled player-form logistic,opponent_adjusted_form + lineup_continuity + position_and_distribution,51,55,1.0049159969928227,1.0152189753873553,0.008861296287562775,0.5960418836755572,opponent_adjusted_form|lineup_continuity|position_and_distribution,3
player_form_logistic,Pooled player-form logistic,opponent_adjusted_form + lineup_continuity + recency,48,52,0.9616833969370229,0.9897755977213517,0.02008102421584757,0.5673162273221175,opponent_adjusted_form|lineup_continuity|recency,3
player_form_logistic,Pooled player-form logistic,opponent_adjusted_form + position_and_distribution + recency,61,65,0.9675513265024565,0.9868436235434185,0.013802645691326965,0.5711817261049447,opponent_adjusted_form|position_and_distribution|recency,3
player_form_logistic,Pooled player-form logistic,lineup_continuity + position_and_distribution + recency,44,48,0.9850447563379006,1.0079519660661302,0.016782177740911196,0.5829346420942084,lineup_continuity|position_and_distribution|recency,3
player_form_logistic,Pooled player-form logistic,legacy_player_form + team_strength + opponent_adjusted_form + lineup_continuity,46,50,0.9606194188081785,0.9885174335197588,0.02009459440405587,0.5641289651723289,legacy_player_form|team_strength|opponent_adjusted_form|lineup_continuity,4
player_form_logistic,Pooled player-form logistic,legacy_player_form + team_strength + opponent_adjusted_form + position_and_distribution,59,63,0.9653501473368993,0.9881806245444625,0.0167826180782968,0.5665868993597393,legacy_player_form|team_strength|opponent_adjusted_form|position_and_distribution,4
player_form_logistic,Pooled player-form logistic,legacy_player_form + team_strength + opponent_adjusted_form + recency,56,60,0.9585696747993964,0.9851474735080208,0.01904818481007595,0.5634159998207483,legacy_player_form|team_strength|opponent_adjusted_form|recency,4
player_form_logistic,Pooled player-form logistic,legacy_player_form + team_strength + lineup_continuity + position_and_distribution,42,46,0.9633792726843724,0.9885286165429198,0.01868842883020043,0.5653002666309328,legacy_player_form|team_strength|lineup_continuity|position_and_distribution,4
player_form_logistic,Pooled player-form logistic,legacy_player_form + team_strength + lineup_continuity + recency,39,43,0.9584728226997461,0.9867583145047067,0.02038892876448728,0.5633213245794495,legacy_player_form|team_strength|lineup_continuity|recency,4
player_form_logistic,Pooled player-form logistic,legacy_player_form + team_strength + position_and_distribution + recency,52,56,0.9621354938522264,0.98557992587305,0.01726658253614802,0.5652118700748416,legacy_player_form|team_strength|position_and_distribution|recency,4
player_form_logistic,Pooled player-form logistic,legacy_player_form + opponent_adjusted_form + lineup_continuity + position_and_distribution,58,62,0.9711563924937188,0.988851423605323,0.01275421213504123,0.5733931196450421,legacy_player_form|opponent_adjusted_form|lineup_continuity|position_and_distribution,4
player_form_logistic,Pooled player-form logistic,legacy_player_form + opponent_adjusted_form + lineup_continuity + recency,55,59,0.9594490347568619,0.9819299524091789,0.016080676341880467,0.5659207781559202,legacy_player_form|opponent_adjusted_form|lineup_continuity|recency,4
player_form_logistic,Pooled player-form logistic,legacy_player_form + opponent_adjusted_form + position_and_distribution + recency,68,72,0.9660351111453749,0.98153867534174,0.011086595013728457,0.5703445553237826,legacy_player_form|opponent_adjusted_form|position_and_distribution|recency,4
player_form_logistic,Pooled player-form logistic,legacy_player_form + lineup_continuity + position_and_distribution + recency,51,55,0.980167756018268,0.9961532233198328,0.013834552444227611,0.5795731954199528,legacy_player_form|lineup_continuity|position_and_distribution|recency,4
player_form_logistic,Pooled player-form logistic,team_strength + opponent_adjusted_form + lineup_continuity + position_and_distribution,59,63,0.9663985462109081,0.9928694804270382,0.01954186453288689,0.5670081572696701,team_strength|opponent_adjusted_form|lineup_continuity|position_and_distribution,4
player_form_logistic,Pooled player-form logistic,team_strength + opponent_adjusted_form + lineup_continuity + recency,56,60,0.9587892547044847,0.9874127493407391,0.020863009836431058,0.5634730686933862,team_strength|opponent_adjusted_form|lineup_continuity|recency,4
player_form_logistic,Pooled player-form logistic,team_strength + opponent_adjusted_form + position_and_distribution + recency,69,73,0.9640872376245049,0.9864630479121462,0.01684720412279041,0.5659978417677651,team_strength|opponent_adjusted_form|position_and_distribution|recency,4
player_form_logistic,Pooled player-form logistic,team_strength + lineup_continuity + position_and_distribution + recency,52,56,0.9633565332172669,0.9899958706904762,0.019749372957049715,0.5657225595714253,team_strength|lineup_continuity|position_and_distribution|recency,4
player_form_logistic,Pooled player-form logistic,opponent_adjusted_form + lineup_continuity + position_and_distribution + recency,68,72,0.9697883184597961,0.9917511537277466,0.015904276521125176,0.5719454108220917,opponent_adjusted_form|lineup_continuity|position_and_distribution|recency,4
player_form_logistic,Pooled player-form logistic,legacy_player_form + team_strength + opponent_adjusted_form + lineup_continuity + position_and_distribution,66,70,0.9680548783180769,0.991983419961089,0.017892061076964522,0.5678486833674639,legacy_player_form|team_strength|opponent_adjusted_form|lineup_continuity|position_and_distribution,5
player_form_logistic,Pooled player-form logistic,legacy_player_form + team_strength + opponent_adjusted_form + lineup_continuity + recency,63,67,0.9611543506456907,0.9882722077873719,0.019602251916958118,0.5646050669418279,legacy_player_form|team_strength|opponent_adjusted_form|lineup_continuity|recency,5
player_form_logistic,Pooled player-form logistic,legacy_player_form + team_strength + opponent_adjusted_form + position_and_distribution + recency,76,80,0.9656543118316481,0.9872898700695307,0.016125574991539913,0.5669166699100641,legacy_player_form|team_strength|opponent_adjusted_form|position_and_distribution|recency,5
player_form_logistic,Pooled player-form logistic,legacy_player_form + team_strength + lineup_continuity + position_and_distribution + recency,59,63,0.9650606490102254,0.9887744124391628,0.017844825167158546,0.5666165464227433,legacy_player_form|team_strength|lineup_continuity|position_and_distribution|recency,5
player_form_logistic,Pooled player-form logistic,legacy_player_form + opponent_adjusted_form + lineup_continuity + position_and_distribution + recency,75,79,0.967950826465934,0.985572785521386,0.012795419877799141,0.5708605792302962,legacy_player_form|opponent_adjusted_form|lineup_continuity|position_and_distribution|recency,5
player_form_logistic,Pooled player-form logistic,team_strength + opponent_adjusted_form + lineup_continuity + position_and_distribution + recency,76,80,0.9665231495686829,0.9906413187263892,0.018600866975215367,0.5671523345100907,team_strength|opponent_adjusted_form|lineup_continuity|position_and_distribution|recency,5
player_form_logistic,Pooled player-form logistic,legacy_player_form + team_strength + opponent_adjusted_form + lineup_continuity + position_and_distribution + recency,83,87,0.9682254447157261,0.9911552991605236,0.017344801223088877,0.5680837151525425,legacy_player_form|team_strength|opponent_adjusted_form|lineup_continuity|position_and_distribution|recency,6
market_plus_player_form,Pooled market + player-form logistic,legacy_player_form,7,11,0.9244540286245435,0.9426483842738271,0.013149140604434997,0.543827921815232,legacy_player_form,1
market_plus_player_form,Pooled market + player-form logistic,team_strength,8,12,0.9247564759290303,0.9433083077477017,0.013446302185148909,0.5439797456968545,team_strength,1
market_plus_player_form,Pooled market + player-form logistic,opponent_adjusted_form,24,28,0.9244785499467174,0.9450037545428722,0.014687714493143154,0.5441669016995105,opponent_adjusted_form,1
market_plus_player_form,Pooled market + player-form logistic,lineup_continuity,7,11,0.9241552382808311,0.943279486677411,0.014156429479695545,0.5436855371248643,lineup_continuity,1
market_plus_player_form,Pooled market + player-form logistic,position_and_distribution,20,24,0.9302910587514219,0.9425795236918735,0.010722606904870893,0.5474700344379291,position_and_distribution,1
market_plus_player_form,Pooled market + player-form logistic,recency,17,21,0.9247675280984169,0.943401343011325,0.013376174396748293,0.5441832889523304,recency,1
market_plus_player_form,Pooled market + player-form logistic,legacy_player_form + team_strength,15,19,0.9271380811593483,0.9461812370519643,0.013644633722607134,0.5454475958157905,legacy_player_form|team_strength,2
market_plus_player_form,Pooled market + player-form logistic,legacy_player_form + opponent_adjusted_form,31,35,0.9280962880626625,0.9462173373810099,0.012968657040131205,0.5461833571799095,legacy_player_form|opponent_adjusted_form,2
market_plus_player_form,Pooled market + player-form logistic,legacy_player_form + lineup_continuity,14,18,0.9266517153037879,0.9455270321909401,0.013964814886737245,0.54515626033544,legacy_player_form|lineup_continuity,2
market_plus_player_form,Pooled market + player-form logistic,legacy_player_form + position_and_distribution,27,31,0.9328340570754984,0.9467956748493972,0.012206559707855398,0.5489963214914555,legacy_player_form|position_and_distribution,2
market_plus_player_form,Pooled market + player-form logistic,legacy_player_form + recency,24,28,0.9269863683646515,0.944304079043803,0.012438049808895268,0.5455145288254604,legacy_player_form|recency,2
market_plus_player_form,Pooled market + player-form logistic,team_strength + opponent_adjusted_form,32,36,0.9275338404427531,0.949064001374708,0.015392968878380067,0.5457965293125651,team_strength|opponent_adjusted_form,2
market_plus_player_form,Pooled market + player-form logistic,team_strength + lineup_continuity,15,19,0.9269423912015997,0.946692149020875,0.014665732206231243,0.5453975539061736,team_strength|lineup_continuity,2
market_plus_player_form,Pooled market + player-form logistic,team_strength + position_and_distribution,28,32,0.9324380219100001,0.9459114019934132,0.011316114552231594,0.5487521732238811,team_strength|position_and_distribution,2
market_plus_player_form,Pooled market + player-form logistic,team_strength + recency,25,29,0.9274473623717785,0.9468502771580267,0.01393201066100177,0.5458315874970415,team_strength|recency,2
market_plus_player_form,Pooled market + player-form logistic,opponent_adjusted_form + lineup_continuity,31,35,0.9259241687524042,0.947992028251498,0.015975945694347054,0.5449698426838889,opponent_adjusted_form|lineup_continuity,2
market_plus_player_form,Pooled market + player-form logistic,opponent_adjusted_form + position_and_distribution,44,48,0.9338550138966734,0.9503090455549248,0.012893303670457846,0.5499282238683635,opponent_adjusted_form|position_and_distribution,2
market_plus_player_form,Pooled market + player-form logistic,opponent_adjusted_form + recency,41,45,0.9274473010832578,0.9463895873768564,0.013626400826733436,0.545994993297453,opponent_adjusted_form|recency,2
market_plus_player_form,Pooled market + player-form logistic,lineup_continuity + position_and_distribution,27,31,0.9328855947489653,0.9457035990571352,0.012087208419935895,0.5490910407530922,lineup_continuity|position_and_distribution,2
market_plus_player_form,Pooled market + player-form logistic,lineup_continuity + recency,24,28,0.9260937502184201,0.9460396242611141,0.014563216287131307,0.5449341109015098,lineup_continuity|recency,2
market_plus_player_form,Pooled market + player-form logistic,position_and_distribution + recency,37,41,0.9330136334289973,0.9474337921080535,0.012457254289511787,0.549218158767884,position_and_distribution|recency,2
market_plus_player_form,Pooled market + player-form logistic,legacy_player_form + team_strength + opponent_adjusted_form,39,43,0.931030893204037,0.9500284740864917,0.01358930107069233,0.547695927376193,legacy_player_form|team_strength|opponent_adjusted_form,3
market_plus_player_form,Pooled market + player-form logistic,legacy_player_form + team_strength + lineup_continuity,22,26,0.9294758515817234,0.9489655895065171,0.014164570552196718,0.5469207448324731,legacy_player_form|team_strength|lineup_continuity,3
market_plus_player_form,Pooled market + player-form logistic,legacy_player_form + team_strength + position_and_distribution,35,39,0.9354893198234882,0.9505281855910737,0.012188148215624604,0.5505160776289236,legacy_player_form|team_strength|position_and_distribution,3
market_plus_player_form,Pooled market + player-form logistic,legacy_player_form + team_strength + recency,32,36,0.9297684569368015,0.947895049573509,0.012972351977620098,0.5471375468976127,legacy_player_form|team_strength|recency,3
market_plus_player_form,Pooled market + player-form logistic,legacy_player_form + opponent_adjusted_form + lineup_continuity,38,42,0.9301896899072486,0.9494127804996488,0.013898487528541921,0.5473949171243945,legacy_player_form|opponent_adjusted_form|lineup_continuity,3
market_plus_player_form,Pooled market + player-form logistic,legacy_player_form + opponent_adjusted_form + position_and_distribution,51,55,0.9371051317020567,0.952008054696095,0.011886506046671982,0.5518313703109643,legacy_player_form|opponent_adjusted_form|position_and_distribution,3
market_plus_player_form,Pooled market + player-form logistic,legacy_player_form + opponent_adjusted_form + recency,48,52,0.9294465561545499,0.946716480474762,0.012382205368823666,0.5470782635066498,legacy_player_form|opponent_adjusted_form|recency,3
market_plus_player_form,Pooled market + player-form logistic,legacy_player_form + lineup_continuity + position_and_distribution,34,38,0.9357318459095285,0.9500952615644896,0.013096646601854204,0.5507693891718799,legacy_player_form|lineup_continuity|position_and_distribution,3
market_plus_player_form,Pooled market + player-form logistic,legacy_player_form + lineup_continuity + recency,31,35,0.9288816195975897,0.9468290709933772,0.01309178976128806,0.5466527436863864,legacy_player_form|lineup_continuity|recency,3
market_plus_player_form,Pooled market + player-form logistic,legacy_player_form + position_and_distribution + recency,44,48,0.935133800206386,0.9480121660116122,0.011593622710032959,0.5504834007445581,legacy_player_form|position_and_distribution|recency,3
market_plus_player_form,Pooled market + player-form logistic,team_strength + opponent_adjusted_form + lineup_continuity,39,43,0.9293369743575493,0.9523205910295829,0.01657170493218957,0.5469261414826027,team_strength|opponent_adjusted_form|lineup_continuity,3
market_plus_player_form,Pooled market + player-form logistic,team_strength + opponent_adjusted_form + position_and_distribution,52,56,0.9368569640967968,0.9544428167817663,0.013455186290299407,0.5512893534421728,team_strength|opponent_adjusted_form|position_and_distribution,3
market_plus_player_form,Pooled market + player-form logistic,team_strength + opponent_adjusted_form + recency,49,53,0.9305200192055698,0.9498793267451953,0.013993092509092359,0.5476906019833924,team_strength|opponent_adjusted_form|recency,3
market_plus_player_form,Pooled market + player-form logistic,team_strength + lineup_continuity + position_and_distribution,35,39,0.9353433899072756,0.9499032459345591,0.012773548798829495,0.5506229458121804,team_strength|lineup_continuity|position_and_distribution,3
market_plus_player_form,Pooled market + player-form logistic,team_strength + lineup_continuity + recency,32,36,0.9292193864932168,0.9499243555005104,0.01513247467883043,0.5469485903764453,team_strength|lineup_continuity|recency,3
market_plus_player_form,Pooled market + player-form logistic,team_strength + position_and_distribution + recency,45,49,0.9357426966276974,0.951414529123722,0.012905829410937871,0.5507886416873435,team_strength|position_and_distribution|recency,3
market_plus_player_form,Pooled market + player-form logistic,opponent_adjusted_form + lineup_continuity + position_and_distribution,51,55,0.9366073739033383,0.9537222021373705,0.014315805387308676,0.551513503902939,opponent_adjusted_form|lineup_continuity|position_and_distribution,3
market_plus_player_form,Pooled market + player-form logistic,opponent_adjusted_form + lineup_continuity + recency,48,52,0.9291026227530416,0.9492895244196576,0.014750713778015625,0.5469561584377103,opponent_adjusted_form|lineup_continuity|recency,3
market_plus_player_form,Pooled market + player-form logistic,opponent_adjusted_form + position_and_distribution + recency,61,65,0.9362267428258462,0.9510651771101127,0.012237637045980054,0.5512605198260372,opponent_adjusted_form|position_and_distribution|recency,3
market_plus_player_form,Pooled market + player-form logistic,lineup_continuity + position_and_distribution + recency,44,48,0.9351631663650899,0.9504407542377894,0.013836155680863107,0.5505281089576143,lineup_continuity|position_and_distribution|recency,3
market_plus_player_form,Pooled market + player-form logistic,legacy_player_form + team_strength + opponent_adjusted_form + lineup_continuity,46,50,0.9332348491972111,0.9527434886514806,0.014093360446970366,0.5491149170837123,legacy_player_form|team_strength|opponent_adjusted_form|lineup_continuity,4
market_plus_player_form,Pooled market + player-form logistic,legacy_player_form + team_strength + opponent_adjusted_form + position_and_distribution,59,63,0.9398429212636494,0.9557009308304302,0.01236924542365652,0.5529540109869663,legacy_player_form|team_strength|opponent_adjusted_form|position_and_distribution,4
market_plus_player_form,Pooled market + player-form logistic,legacy_player_form + team_strength + opponent_adjusted_form + recency,56,60,0.9324932415965401,0.9503505065073975,0.012809834369442422,0.5487236603991247,legacy_player_form|team_strength|opponent_adjusted_form|recency,4
market_plus_player_form,Pooled market + player-form logistic,legacy_player_form + team_strength + lineup_continuity + position_and_distribution,42,46,0.9382867669965863,0.9535541001268752,0.012863327033232352,0.552274298759525,legacy_player_form|team_strength|lineup_continuity|position_and_distribution,4
market_plus_player_form,Pooled market + player-form logistic,legacy_player_form + team_strength + lineup_continuity + recency,39,43,0.9317996493576288,0.9500691180931137,0.01325464760147316,0.5484409174529432,legacy_player_form|team_strength|lineup_continuity|recency,4
market_plus_player_form,Pooled market + player-form logistic,legacy_player_form + team_strength + position_and_distribution + recency,52,56,0.9379095041637127,0.9521046258368264,0.011713263889627006,0.5520187070495017,legacy_player_form|team_strength|position_and_distribution|recency,4
market_plus_player_form,Pooled market + player-form logistic,legacy_player_form + opponent_adjusted_form + lineup_continuity + position_and_distribution,58,62,0.9396717658639206,0.9553105985975072,0.012836075013059781,0.5532720729454762,legacy_player_form|opponent_adjusted_form|lineup_continuity|position_and_distribution,4
market_plus_player_form,Pooled market + player-form logistic,legacy_player_form + opponent_adjusted_form + lineup_continuity + recency,55,59,0.9312999626361709,0.9494039370685083,0.013140747200606578,0.548134699795316,legacy_player_form|opponent_adjusted_form|lineup_continuity|recency,4
market_plus_player_form,Pooled market + player-form logistic,legacy_player_form + opponent_adjusted_form + position_and_distribution + recency,68,72,0.9380711872315323,0.951751714519467,0.011290962248720742,0.552392943986995,legacy_player_form|opponent_adjusted_form|position_and_distribution|recency,4
market_plus_player_form,Pooled market + player-form logistic,legacy_player_form + lineup_continuity + position_and_distribution + recency,51,55,0.9378255505253023,0.9513312136181915,0.012485868772654651,0.5520921759816565,legacy_player_form|lineup_continuity|position_and_distribution|recency,4
market_plus_player_form,Pooled market + player-form logistic,team_strength + opponent_adjusted_form + lineup_continuity + position_and_distribution,59,63,0.9397320809248189,0.9582200474158821,0.014977553010093986,0.5530346838994132,team_strength|opponent_adjusted_form|lineup_continuity|position_and_distribution,4
market_plus_player_form,Pooled market + player-form logistic,team_strength + opponent_adjusted_form + lineup_continuity + recency,56,60,0.9324855917593387,0.9529821442077997,0.015133654175560021,0.5490033836746897,team_strength|opponent_adjusted_form|lineup_continuity|recency,4
market_plus_player_form,Pooled market + player-form logistic,team_strength + opponent_adjusted_form + position_and_distribution + recency,69,73,0.9393060622297774,0.9549077849521437,0.012817047206708636,0.5527263640505276,team_strength|opponent_adjusted_form|position_and_distribution|recency,4
market_plus_player_form,Pooled market + player-form logistic,team_strength + lineup_continuity + position_and_distribution + recency,52,56,0.938223203366548,0.9548808176517849,0.014213753182892775,0.5523820640504248,team_strength|lineup_continuity|position_and_distribution|recency,4
market_plus_player_form,Pooled market + player-form logistic,opponent_adjusted_form + lineup_continuity + position_and_distribution + recency,68,72,0.9386973076082253,0.954678731996253,0.01378460764001894,0.5526767801630874,opponent_adjusted_form|lineup_continuity|position_and_distribution|recency,4
market_plus_player_form,Pooled market + player-form logistic,legacy_player_form + team_strength + opponent_adjusted_form + lineup_continuity + position_and_distribution,66,70,0.9425115298920284,0.9589897480744286,0.013302061753563226,0.5545778181012553,legacy_player_form|team_strength|opponent_adjusted_form|lineup_continuity|position_and_distribution,5
market_plus_player_form,Pooled market + player-form logistic,legacy_player_form + team_strength + opponent_adjusted_form + lineup_continuity + recency,63,67,0.9344971277790804,0.9527853025945273,0.013262566041706298,0.5499908458248931,legacy_player_form|team_strength|opponent_adjusted_form|lineup_continuity|recency,5
market_plus_player_form,Pooled market + player-form logistic,legacy_player_form + team_strength + opponent_adjusted_form + position_and_distribution + recency,76,80,0.9409476841659008,0.9552186757510256,0.011519396463065278,0.5537206779895725,legacy_player_form|team_strength|opponent_adjusted_form|position_and_distribution|recency,5
market_plus_player_form,Pooled market + player-form logistic,legacy_player_form + team_strength + lineup_continuity + position_and_distribution + recency,59,63,0.9407683451884219,0.9553432359706908,0.012484695710397481,0.5537832883020881,legacy_player_form|team_strength|lineup_continuity|position_and_distribution|recency,5
market_plus_player_form,Pooled market + player-form logistic,legacy_player_form + opponent_adjusted_form + lineup_continuity + position_and_distribution + recency,75,79,0.9405828784789734,0.9552801917067001,0.01237694103344901,0.5537746310965637,legacy_player_form|opponent_adjusted_form|lineup_continuity|position_and_distribution|recency,5
market_plus_player_form,Pooled market + player-form logistic,team_strength + opponent_adjusted_form + lineup_continuity + position_and_distribution + recency,76,80,0.9417845627545072,0.9586337694288785,0.014445798092807573,0.5542655356881935,team_strength|opponent_adjusted_form|lineup_continuity|position_and_distribution|recency,5
market_plus_player_form,Pooled market + player-form logistic,legacy_player_form + team_strength + opponent_adjusted_form + lineup_continuity + position_and_distribution + recency,83,87,0.9435257766596418,0.9586555899236873,0.012523222669671515,0.555246527444401,legacy_player_form|team_strength|opponent_adjusted_form|lineup_continuity|position_and_distribution|recency,6
player_form_lightgbm,Pooled player-form LightGBM,legacy_player_form,7,11,0.993569615794291,1.011771709991104,0.013141523539010927,0.5921524980165458,legacy_player_form,1
player_form_lightgbm,Pooled player-form LightGBM,team_strength,8,12,0.9540299617036716,0.983289027516838,0.021233087088440433,0.5632093100620671,team_strength,1
player_form_lightgbm,Pooled player-form LightGBM,opponent_adjusted_form,24,28,1.0375442959029204,1.0473989575716671,0.007826863666080684,0.6232952144939744,opponent_adjusted_form,1
player_form_lightgbm,Pooled player-form LightGBM,lineup_continuity,7,11,1.0465557379477248,1.0548323461132942,0.009294512609141846,0.6295729286810667,lineup_continuity,1
player_form_lightgbm,Pooled player-form LightGBM,position_and_distribution,20,24,0.9933972515397815,0.9993429959265082,0.004290464727578244,0.5911918733658116,position_and_distribution,1
player_form_lightgbm,Pooled player-form LightGBM,recency,17,21,0.9938391349732234,1.0159727712121955,0.015934314153395433,0.5925399661601524,recency,1
player_form_lightgbm,Pooled player-form LightGBM,legacy_player_form + team_strength,15,19,0.948893265335951,0.9828790718087536,0.02429751237280589,0.5603497024316775,legacy_player_form|team_strength,2
player_form_lightgbm,Pooled player-form LightGBM,legacy_player_form + opponent_adjusted_form,31,35,0.9821619472114994,0.9974736316201227,0.011482501699064366,0.583889970686086,legacy_player_form|opponent_adjusted_form,2
player_form_lightgbm,Pooled player-form LightGBM,legacy_player_form + lineup_continuity,14,18,0.9865814741623485,1.0095003645743168,0.016483283099199983,0.5867928123721327,legacy_player_form|lineup_continuity,2
player_form_lightgbm,Pooled player-form LightGBM,legacy_player_form + position_and_distribution,27,31,0.9838751906230374,0.9997845320997637,0.011383619770547686,0.5849003269686557,legacy_player_form|position_and_distribution,2
player_form_lightgbm,Pooled player-form LightGBM,legacy_player_form + recency,24,28,0.9922621636456246,1.0144924034110225,0.01596183634455937,0.591023838934476,legacy_player_form|recency,2
player_form_lightgbm,Pooled player-form LightGBM,team_strength + opponent_adjusted_form,32,36,0.949808477248549,0.9840354107185689,0.0244907650725157,0.5613320132293852,team_strength|opponent_adjusted_form,2
player_form_lightgbm,Pooled player-form LightGBM,team_strength + lineup_continuity,15,19,0.953434467172603,0.9843539332722143,0.02210792063092089,0.5630297830585171,team_strength|lineup_continuity,2
player_form_lightgbm,Pooled player-form LightGBM,team_strength + position_and_distribution,28,32,0.949743647159196,0.9781452976973475,0.020411792589990534,0.560823207028953,team_strength|position_and_distribution,2
player_form_lightgbm,Pooled player-form LightGBM,team_strength + recency,25,29,0.9456114597924451,0.9826184842818948,0.026453529362901212,0.5583231738600594,team_strength|recency,2
player_form_lightgbm,Pooled player-form LightGBM,opponent_adjusted_form + lineup_continuity,31,35,1.028642642293209,1.0444986141079116,0.011341259098093557,0.6165686305501836,opponent_adjusted_form|lineup_continuity,2
player_form_lightgbm,Pooled player-form LightGBM,opponent_adjusted_form + position_and_distribution,44,48,0.993142654941072,1.0012741144051673,0.007580797231966626,0.591124748364435,opponent_adjusted_form|position_and_distribution,2
player_form_lightgbm,Pooled player-form LightGBM,opponent_adjusted_form + recency,41,45,0.9893629446538275,1.0079699071325228,0.013466409511460093,0.5891768738584805,opponent_adjusted_form|recency,2
player_form_lightgbm,Pooled player-form LightGBM,lineup_continuity + position_and_distribution,27,31,0.9915071517073373,1.0013927573101415,0.007158867123015222,0.5897623428253369,lineup_continuity|position_and_distribution,2
player_form_lightgbm,Pooled player-form LightGBM,lineup_continuity + recency,24,28,0.9898824961455938,1.0124671934501217,0.016229354516140135,0.5896396463038471,lineup_continuity|recency,2
player_form_lightgbm,Pooled player-form LightGBM,position_and_distribution + recency,37,41,0.9818095166560851,0.9989907604151991,0.012283077787243734,0.5835219354400659,position_and_distribution|recency,2
player_form_lightgbm,Pooled player-form LightGBM,legacy_player_form + team_strength + opponent_adjusted_form,39,43,0.9488848751991444,0.9807415026852165,0.022822136467235472,0.5608471707820122,legacy_player_form|team_strength|opponent_adjusted_form,3
player_form_lightgbm,Pooled player-form LightGBM,legacy_player_form + team_strength + lineup_continuity,22,26,0.9474948709349575,0.9810436057880129,0.023981057657164028,0.5593216842072,legacy_player_form|team_strength|lineup_continuity,3
player_form_lightgbm,Pooled player-form LightGBM,legacy_player_form + team_strength + position_and_distribution,35,39,0.9475752873353709,0.9777418001036681,0.021666855891599716,0.5598014012436823,legacy_player_form|team_strength|position_and_distribution,3
player_form_lightgbm,Pooled player-form LightGBM,legacy_player_form + team_strength + recency,32,36,0.9466139193191969,0.982652000104904,0.0257691739464677,0.5591797916301808,legacy_player_form|team_strength|recency,3
player_form_lightgbm,Pooled player-form LightGBM,legacy_player_form + opponent_adjusted_form + lineup_continuity,38,42,0.9814769523684415,0.9986005080826391,0.012414963345997187,0.5834002093912944,legacy_player_form|opponent_adjusted_form|lineup_continuity,3
player_form_lightgbm,Pooled player-form LightGBM,legacy_player_form + opponent_adjusted_form + position_and_distribution,51,55,0.9792661866333469,0.9923544020454415,0.009484143124727848,0.5816225881931536,legacy_player_form|opponent_adjusted_form|position_and_distribution,3
player_form_lightgbm,Pooled player-form LightGBM,legacy_player_form + opponent_adjusted_form + recency,48,52,0.9815407976015025,1.0035865954295666,0.015929088023253695,0.5834555618669771,legacy_player_form|opponent_adjusted_form|recency,3
player_form_lightgbm,Pooled player-form LightGBM,legacy_player_form + lineup_continuity + position_and_distribution,34,38,0.9818328157408325,1.0009145472344771,0.013832503444576285,0.5832165997618458,legacy_player_form|lineup_continuity|position_and_distribution,3
player_form_lightgbm,Pooled player-form LightGBM,legacy_player_form + lineup_continuity + recency,31,35,0.988051604251063,1.010883143972465,0.016402438762399427,0.5880711825779765,legacy_player_form|lineup_continuity|recency,3
player_form_lightgbm,Pooled player-form LightGBM,legacy_player_form + position_and_distribution + recency,44,48,0.9809625693968194,1.0001411754314646,0.013715961592074326,0.5829194287714433,legacy_player_form|position_and_distribution|recency,3
player_form_lightgbm,Pooled player-form LightGBM,team_strength + opponent_adjusted_form + lineup_continuity,39,43,0.9496738755239222,0.9836940955167266,0.02432600539135253,0.561036069722784,team_strength|opponent_adjusted_form|lineup_continuity,3
player_form_lightgbm,Pooled player-form LightGBM,team_strength + opponent_adjusted_form + position_and_distribution,52,56,0.948510089033598,0.9794473804735384,0.02212693387752252,0.5603474969839513,team_strength|opponent_adjusted_form|position_and_distribution,3
player_form_lightgbm,Pooled player-form LightGBM,team_strength + opponent_adjusted_form + recency,49,53,0.9474048323690585,0.9854707717054042,0.02729878313196481,0.5597049433000529,team_strength|opponent_adjusted_form|recency,3
player_form_lightgbm,Pooled player-form LightGBM,team_strength + lineup_continuity + position_and_distribution,35,39,0.9485877866811665,0.9786043421260663,0.021619295264403506,0.5600753758731744,team_strength|lineup_continuity|position_and_distribution,3
player_form_lightgbm,Pooled player-form LightGBM,team_strength + lineup_continuity + recency,32,36,0.9450553860537407,0.9824679037183964,0.026746313796611212,0.5579100889371498,team_strength|lineup_continuity|recency,3
player_form_lightgbm,Pooled player-form LightGBM,team_strength + position_and_distribution + recency,45,49,0.9457922242097248,0.9811095286493818,0.02524712082380691,0.5586439048738376,team_strength|position_and_distribution|recency,3
player_form_lightgbm,Pooled player-form LightGBM,opponent_adjusted_form + lineup_continuity + position_and_distribution,51,55,0.9915609667334332,1.00329820183806,0.00872583486176947,0.5901909852700103,opponent_adjusted_form|lineup_continuity|position_and_distribution,3
player_form_lightgbm,Pooled player-form LightGBM,opponent_adjusted_form + lineup_continuity + recency,48,52,0.9857966834533567,1.0070595810653669,0.015263322481540297,0.5866836364073157,opponent_adjusted_form|lineup_continuity|recency,3
player_form_lightgbm,Pooled player-form LightGBM,opponent_adjusted_form + position_and_distribution + recency,61,65,0.9793837694076959,0.9966895794462829,0.012473817799080356,0.5818019864028133,opponent_adjusted_form|position_and_distribution|recency,3
player_form_lightgbm,Pooled player-form LightGBM,lineup_continuity + position_and_distribution + recency,44,48,0.9805741582544909,0.9990574973186843,0.013275490872998244,0.5825711187459163,lineup_continuity|position_and_distribution|recency,3
player_form_lightgbm,Pooled player-form LightGBM,legacy_player_form + team_strength + opponent_adjusted_form + lineup_continuity,46,50,0.9493113880947418,0.9817531142209426,0.02320293765876348,0.5609187687045074,legacy_player_form|team_strength|opponent_adjusted_form|lineup_continuity,4
player_form_lightgbm,Pooled player-form LightGBM,legacy_player_form + team_strength + opponent_adjusted_form + position_and_distribution,59,63,0.949864972066421,0.9811447572952214,0.022371131098987796,0.5613101334876454,legacy_player_form|team_strength|opponent_adjusted_form|position_and_distribution,4
player_form_lightgbm,Pooled player-form LightGBM,legacy_player_form + team_strength + opponent_adjusted_form + recency,56,60,0.9484102309144431,0.985236348763679,0.02645211990696533,0.5604092100439978,legacy_player_form|team_strength|opponent_adjusted_form|recency,4
player_form_lightgbm,Pooled player-form LightGBM,legacy_player_form + team_strength + lineup_continuity + position_and_distribution,42,46,0.9472639138854018,0.9791318029772758,0.02289150482140432,0.5594707854893457,legacy_player_form|team_strength|lineup_continuity|position_and_distribution,4
player_form_lightgbm,Pooled player-form LightGBM,legacy_player_form + team_strength + lineup_continuity + recency,39,43,0.9461941227513602,0.9832278428537655,0.026488259885030913,0.5586935807939245,legacy_player_form|team_strength|lineup_continuity|recency,4
player_form_lightgbm,Pooled player-form LightGBM,legacy_player_form + team_strength + position_and_distribution + recency,52,56,0.9467099907460259,0.9811392778097604,0.024622180374650027,0.5591492994810902,legacy_player_form|team_strength|position_and_distribution|recency,4
player_form_lightgbm,Pooled player-form LightGBM,legacy_player_form + opponent_adjusted_form + lineup_continuity + position_and_distribution,58,62,0.978845527493088,0.9951652889543834,0.01166611788203244,0.5813891203385833,legacy_player_form|opponent_adjusted_form|lineup_continuity|position_and_distribution,4
player_form_lightgbm,Pooled player-form LightGBM,legacy_player_form + opponent_adjusted_form + lineup_continuity + recency,55,59,0.9798920588978911,1.0023049133575432,0.016055406522040388,0.5822775824480987,legacy_player_form|opponent_adjusted_form|lineup_continuity|recency,4
player_form_lightgbm,Pooled player-form LightGBM,legacy_player_form + opponent_adjusted_form + position_and_distribution + recency,68,72,0.9763245969135537,0.9962257859540913,0.014346419740195907,0.5796512944656329,legacy_player_form|opponent_adjusted_form|position_and_distribution|recency,4
player_form_lightgbm,Pooled player-form LightGBM,legacy_player_form + lineup_continuity + position_and_distribution + recency,51,55,0.9798100047892608,1.0004303309232927,0.01478815182778737,0.5820623745595813,legacy_player_form|lineup_continuity|position_and_distribution|recency,4
player_form_lightgbm,Pooled player-form LightGBM,team_strength + opponent_adjusted_form + lineup_continuity + position_and_distribution,59,63,0.9474882552014372,0.9802431310222147,0.02345674400743376,0.5596432236022433,team_strength|opponent_adjusted_form|lineup_continuity|position_and_distribution,4
player_form_lightgbm,Pooled player-form LightGBM,team_strength + opponent_adjusted_form + lineup_continuity + recency,56,60,0.9473989693291698,0.9861593814015068,0.027830420137316517,0.559549814962645,team_strength|opponent_adjusted_form|lineup_continuity|recency,4
player_form_lightgbm,Pooled player-form LightGBM,team_strength + opponent_adjusted_form + position_and_distribution + recency,69,73,0.9472588470514826,0.9835674609608587,0.026005747508960814,0.5595462181585491,team_strength|opponent_adjusted_form|position_and_distribution|recency,4
player_form_lightgbm,Pooled player-form LightGBM,team_strength + lineup_continuity + position_and_distribution + recency,52,56,0.9454612095874173,0.9814867630274835,0.02575384104652621,0.558294248319563,team_strength|lineup_continuity|position_and_distribution|recency,4
player_form_lightgbm,Pooled player-form LightGBM,opponent_adjusted_form + lineup_continuity + position_and_distribution + recency,68,72,0.9784072555209655,0.9971715534490591,0.013413792748949499,0.5811741225081533,opponent_adjusted_form|lineup_continuity|position_and_distribution|recency,4
player_form_lightgbm,Pooled player-form LightGBM,legacy_player_form + team_strength + opponent_adjusted_form + lineup_continuity + position_and_distribution,66,70,0.948930388077595,0.9808662342463805,0.022887980411204035,0.5605804336335587,legacy_player_form|team_strength|opponent_adjusted_form|lineup_continuity|position_and_distribution,5
player_form_lightgbm,Pooled player-form LightGBM,legacy_player_form + team_strength + opponent_adjusted_form + lineup_continuity + recency,63,67,0.9479745205793453,0.9851637239906281,0.026635859264903528,0.559990436319125,legacy_player_form|team_strength|opponent_adjusted_form|lineup_continuity|recency,5
player_form_lightgbm,Pooled player-form LightGBM,legacy_player_form + team_strength + opponent_adjusted_form + position_and_distribution + recency,76,80,0.947525045284922,0.9833274348823556,0.02559201677572528,0.5596683247726773,legacy_player_form|team_strength|opponent_adjusted_form|position_and_distribution|recency,5
player_form_lightgbm,Pooled player-form LightGBM,legacy_player_form + team_strength + lineup_continuity + position_and_distribution + recency,59,63,0.9462512351756209,0.980627546995238,0.02458402197073598,0.5588245114579993,legacy_player_form|team_strength|lineup_continuity|position_and_distribution|recency,5
player_form_lightgbm,Pooled player-form LightGBM,legacy_player_form + opponent_adjusted_form + lineup_continuity + position_and_distribution + recency,75,79,0.9752886856119865,0.9954666944942863,0.014452776260198509,0.5788125815917722,legacy_player_form|opponent_adjusted_form|lineup_continuity|position_and_distribution|recency,5
player_form_lightgbm,Pooled player-form LightGBM,team_strength + opponent_adjusted_form + lineup_continuity + position_and_distribution + recency,76,80,0.9472348623064084,0.9841006224342758,0.02638725475938384,0.559453826483811,team_strength|opponent_adjusted_form|lineup_continuity|position_and_distribution|recency,5
player_form_lightgbm,Pooled player-form LightGBM,legacy_player_form + team_strength + opponent_adjusted_form + lineup_continuity + position_and_distribution + recency,83,87,0.9472656160310164,0.9831642231571662,0.02566259927588894,0.5595274417646201,legacy_player_form|team_strength|opponent_adjusted_form|lineup_continuity|position_and_distribution|recency,6
expanded_player_form_lightgbm,Pooled expanded player-form LightGBM,legacy_player_form,7,18,0.9915551818903221,1.0083168335787822,0.012066998989896658,0.5897497374739399,legacy_player_form,1
expanded_player_form_lightgbm,Pooled expanded player-form LightGBM,team_strength,8,20,0.9461279070280193,0.9714049478215523,0.018101420393809086,0.5588634903318843,team_strength,1
expanded_player_form_lightgbm,Pooled expanded player-form LightGBM,opponent_adjusted_form,24,52,1.0363265826743877,1.046737867034277,0.01037875657332573,0.6227757664943405,opponent_adjusted_form,1
expanded_player_form_lightgbm,Pooled expanded player-form LightGBM,lineup_continuity,7,18,1.0484025159420516,1.0577853638036443,0.007185649665744781,0.6314153358440143,lineup_continuity,1
expanded_player_form_lightgbm,Pooled expanded player-form LightGBM,position_and_distribution,20,44,0.9970490912029318,1.006487815592102,0.007769300904980812,0.5934896346311449,position_and_distribution,1
expanded_player_form_lightgbm,Pooled expanded player-form LightGBM,recency,17,38,0.9985137599883882,1.0171875724376287,0.01350962292461792,0.5951312751991087,recency,1
expanded_player_form_lightgbm,Pooled expanded player-form LightGBM,legacy_player_form + team_strength,15,34,0.9447267209333774,0.9729709190602323,0.020458885865404102,0.5575353379479565,legacy_player_form|team_strength,2
expanded_player_form_lightgbm,Pooled expanded player-form LightGBM,legacy_player_form + opponent_adjusted_form,31,66,0.9832530046700265,0.9946938387679986,0.010336533346524212,0.5844957987522169,legacy_player_form|opponent_adjusted_form,2
expanded_player_form_lightgbm,Pooled expanded player-form LightGBM,legacy_player_form + lineup_continuity,14,32,0.9877518189107499,1.0055644521580303,0.012807366017552821,0.5873496769533675,legacy_player_form|lineup_continuity,2
expanded_player_form_lightgbm,Pooled expanded player-form LightGBM,legacy_player_form + position_and_distribution,27,58,0.9809042339058931,0.99516192805413,0.010463632530382032,0.5821356316872548,legacy_player_form|position_and_distribution,2
expanded_player_form_lightgbm,Pooled expanded player-form LightGBM,legacy_player_form + recency,24,52,0.992383998804031,1.010185901292153,0.012855771690047622,0.5904297599651231,legacy_player_form|recency,2
expanded_player_form_lightgbm,Pooled expanded player-form LightGBM,team_strength + opponent_adjusted_form,32,68,0.9448447666630305,0.9749131183438065,0.02155226972380782,0.5579680265881682,team_strength|opponent_adjusted_form,2
expanded_player_form_lightgbm,Pooled expanded player-form LightGBM,team_strength + lineup_continuity,15,34,0.9488611281228426,0.9741380379637554,0.0181067503410001,0.5602594665237898,team_strength|lineup_continuity,2
expanded_player_form_lightgbm,Pooled expanded player-form LightGBM,team_strength + position_and_distribution,28,60,0.9467608721263828,0.96981009003848,0.016477320919375437,0.5586852009070056,team_strength|position_and_distribution,2
expanded_player_form_lightgbm,Pooled expanded player-form LightGBM,team_strength + recency,25,54,0.9457121239233106,0.9770874884345119,0.022454117450184177,0.558531972726843,team_strength|recency,2
expanded_player_form_lightgbm,Pooled expanded player-form LightGBM,opponent_adjusted_form + lineup_continuity,31,66,1.0281428478563845,1.044174280946373,0.013820351318264755,0.6166736026835409,opponent_adjusted_form|lineup_continuity,2
expanded_player_form_lightgbm,Pooled expanded player-form LightGBM,opponent_adjusted_form + position_and_distribution,44,92,0.9939590118721078,1.0066524997145423,0.010674638744769684,0.5917598901813453,opponent_adjusted_form|position_and_distribution,2
expanded_player_form_lightgbm,Pooled expanded player-form LightGBM,opponent_adjusted_form + recency,41,86,0.9905274244117759,1.0083126285115247,0.014029103016625522,0.5898888617600998,opponent_adjusted_form|recency,2
expanded_player_form_lightgbm,Pooled expanded player-form LightGBM,lineup_continuity + position_and_distribution,27,58,0.9963844875403234,1.0069780329512936,0.008262107608381962,0.5932427990649297,lineup_continuity|position_and_distribution,2
expanded_player_form_lightgbm,Pooled expanded player-form LightGBM,lineup_continuity + recency,24,52,0.9969308382055118,1.016990748659676,0.014347594027696083,0.5939322723227152,lineup_continuity|recency,2
expanded_player_form_lightgbm,Pooled expanded player-form LightGBM,position_and_distribution + recency,37,78,0.9891864225756075,1.0051495137753788,0.011932479066856351,0.5880427496973255,position_and_distribution|recency,2
expanded_player_form_lightgbm,Pooled expanded player-form LightGBM,legacy_player_form + team_strength + opponent_adjusted_form,39,82,0.9450803700577783,0.9743951098058256,0.021330694404664553,0.5580505556020529,legacy_player_form|team_strength|opponent_adjusted_form,3
expanded_player_form_lightgbm,Pooled expanded player-form LightGBM,legacy_player_form + team_strength + lineup_continuity,22,48,0.9457116920944214,0.9743122093064912,0.020668608939322226,0.5579376747756847,legacy_player_form|team_strength|lineup_continuity,3
expanded_player_form_lightgbm,Pooled expanded player-form LightGBM,legacy_player_form + team_strength + position_and_distribution,35,74,0.94441297427888,0.9696105064677288,0.018068360270346376,0.5571952057724965,legacy_player_form|team_strength|position_and_distribution,3
expanded_player_form_lightgbm,Pooled expanded player-form LightGBM,legacy_player_form + team_strength + recency,32,68,0.9459485553143123,0.9766023764082508,0.022173383856818656,0.5585254058056313,legacy_player_form|team_strength|recency,3
expanded_player_form_lightgbm,Pooled expanded player-form LightGBM,legacy_player_form + opponent_adjusted_form + lineup_continuity,38,80,0.9819560054771336,0.9957955227691457,0.011520026954415747,0.5838108400794124,legacy_player_form|opponent_adjusted_form|lineup_continuity,3
expanded_player_form_lightgbm,Pooled expanded player-form LightGBM,legacy_player_form + opponent_adjusted_form + position_and_distribution,51,106,0.9789626864454242,0.9928176162265767,0.010943498281410526,0.5810018353012925,legacy_player_form|opponent_adjusted_form|position_and_distribution,3
expanded_player_form_lightgbm,Pooled expanded player-form LightGBM,legacy_player_form + opponent_adjusted_form + recency,48,100,0.9828548496119394,0.9999199114142139,0.013248895143401038,0.5840850121150932,legacy_player_form|opponent_adjusted_form|recency,3
expanded_player_form_lightgbm,Pooled expanded player-form LightGBM,legacy_player_form + lineup_continuity + position_and_distribution,34,72,0.980865337766208,0.994683914902779,0.010255691829148404,0.5823296375867174,legacy_player_form|lineup_continuity|position_and_distribution,3
expanded_player_form_lightgbm,Pooled expanded player-form LightGBM,legacy_player_form + lineup_continuity + recency,31,66,0.9894338008377475,1.0093695516745846,0.014252897640485198,0.5886005508488223,legacy_player_form|lineup_continuity|recency,3
expanded_player_form_lightgbm,Pooled expanded player-form LightGBM,legacy_player_form + position_and_distribution + recency,44,92,0.982441070375011,1.0005083558590853,0.013106477168311481,0.583153446146935,legacy_player_form|position_and_distribution|recency,3
expanded_player_form_lightgbm,Pooled expanded player-form LightGBM,team_strength + opponent_adjusted_form + lineup_continuity,39,82,0.9447892534344049,0.975359303173368,0.021937099698305113,0.5577834414783931,team_strength|opponent_adjusted_form|lineup_continuity,3
expanded_player_form_lightgbm,Pooled expanded player-form LightGBM,team_strength + opponent_adjusted_form + position_and_distribution,52,108,0.9437783191738511,0.9723720219728946,0.020478792835728607,0.5571888255570263,team_strength|opponent_adjusted_form|position_and_distribution,3
expanded_player_form_lightgbm,Pooled expanded player-form LightGBM,team_strength + opponent_adjusted_form + recency,49,102,0.9444395233540885,0.9765737493682909,0.023253892244114924,0.5577035200250896,team_strength|opponent_adjusted_form|recency,3
expanded_player_form_lightgbm,Pooled expanded player-form LightGBM,team_strength + lineup_continuity + position_and_distribution,35,74,0.9477249535808439,0.9708776104248809,0.016576531181020763,0.5592839163606447,team_strength|lineup_continuity|position_and_distribution,3
expanded_player_form_lightgbm,Pooled expanded player-form LightGBM,team_strength + lineup_continuity + recency,32,68,0.9472102353293759,0.9806485678847746,0.02391055580190805,0.5593982276889253,team_strength|lineup_continuity|recency,3
expanded_player_form_lightgbm,Pooled expanded player-form LightGBM,team_strength + position_and_distribution + recency,45,94,0.9444419476924868,0.9743416105021161,0.021378261734512575,0.5575473692911244,team_strength|position_and_distribution|recency,3
expanded_player_form_lightgbm,Pooled expanded player-form LightGBM,opponent_adjusted_form + lineup_continuity + position_and_distribution,51,106,0.993685230778377,1.0069067799742584,0.011058397876294009,0.5915527140766607,opponent_adjusted_form|lineup_continuity|position_and_distribution,3
expanded_player_form_lightgbm,Pooled expanded player-form LightGBM,opponent_adjusted_form + lineup_continuity + recency,48,100,0.9908325478655988,1.0100403549387762,0.014994239502280944,0.5900391991880692,opponent_adjusted_form|lineup_continuity|recency,3
expanded_player_form_lightgbm,Pooled expanded player-form LightGBM,opponent_adjusted_form + position_and_distribution + recency,61,126,0.9843727411749235,1.0025624421642974,0.013886987195367306,0.5849061352548707,opponent_adjusted_form|position_and_distribution|recency,3
expanded_player_form_lightgbm,Pooled expanded player-form LightGBM,lineup_continuity + position_and_distribution + recency,44,92,0.9881044047348293,1.0059386361217293,0.012970887626470844,0.5873542934148088,lineup_continuity|position_and_distribution|recency,3
expanded_player_form_lightgbm,Pooled expanded player-form LightGBM,legacy_player_form + team_strength + opponent_adjusted_form + lineup_continuity,46,96,0.9461788221077764,0.9763136050510081,0.022161996412303542,0.5586600944497064,legacy_player_form|team_strength|opponent_adjusted_form|lineup_continuity,4
expanded_player_form_lightgbm,Pooled expanded player-form LightGBM,legacy_player_form + team_strength + opponent_adjusted_form + position_and_distribution,59,122,0.9442410448210357,0.9713384695865563,0.019485954286310374,0.5576116258990907,legacy_player_form|team_strength|opponent_adjusted_form|position_and_distribution,4
expanded_player_form_lightgbm,Pooled expanded player-form LightGBM,legacy_player_form + team_strength + opponent_adjusted_form + recency,56,116,0.9448804126180235,0.9757829445762075,0.022619190401985307,0.5579236269540702,legacy_player_form|team_strength|opponent_adjusted_form|recency,4
expanded_player_form_lightgbm,Pooled expanded player-form LightGBM,legacy_player_form + team_strength + lineup_continuity + position_and_distribution,42,88,0.9445414044559082,0.9705101487665312,0.018630040243339103,0.5572926497736459,legacy_player_form|team_strength|lineup_continuity|position_and_distribution,4
expanded_player_form_lightgbm,Pooled expanded player-form LightGBM,legacy_player_form + team_strength + lineup_continuity + recency,39,82,0.9462058452165224,0.9774655732340947,0.022550018181438862,0.5585633075631236,legacy_player_form|team_strength|lineup_continuity|recency,4
expanded_player_form_lightgbm,Pooled expanded player-form LightGBM,legacy_player_form + team_strength + position_and_distribution + recency,52,108,0.9445415979936891,0.9730660028910363,0.02051547763705845,0.5575181123871431,legacy_player_form|team_strength|position_and_distribution|recency,4
expanded_player_form_lightgbm,Pooled expanded player-form LightGBM,legacy_player_form + opponent_adjusted_form + lineup_continuity + position_and_distribution,58,120,0.9789932220232171,0.9931562155998039,0.011039480711952323,0.5810585607042767,legacy_player_form|opponent_adjusted_form|lineup_continuity|position_and_distribution,4
expanded_player_form_lightgbm,Pooled expanded player-form LightGBM,legacy_player_form + opponent_adjusted_form + lineup_continuity + recency,55,114,0.981911911929318,1.0008003213738865,0.014147607814833176,0.5836600324719396,legacy_player_form|opponent_adjusted_form|lineup_continuity|recency,4
expanded_player_form_lightgbm,Pooled expanded player-form LightGBM,legacy_player_form + opponent_adjusted_form + position_and_distribution + recency,68,140,0.9799465852399925,0.9973398305454205,0.012810445014445974,0.5816393512224014,legacy_player_form|opponent_adjusted_form|position_and_distribution|recency,4
expanded_player_form_lightgbm,Pooled expanded player-form LightGBM,legacy_player_form + lineup_continuity + position_and_distribution + recency,51,106,0.982012744724833,1.0012638209771527,0.013802941546436317,0.5832038346457574,legacy_player_form|lineup_continuity|position_and_distribution|recency,4
expanded_player_form_lightgbm,Pooled expanded player-form LightGBM,team_strength + opponent_adjusted_form + lineup_continuity + position_and_distribution,59,122,0.9438962847478275,0.9723591394286567,0.020407830085925484,0.5571788593327536,team_strength|opponent_adjusted_form|lineup_continuity|position_and_distribution,4
expanded_player_form_lightgbm,Pooled expanded player-form LightGBM,team_strength + opponent_adjusted_form + lineup_continuity + recency,56,116,0.9452606255083646,0.9783272176619997,0.023779853859818043,0.5581158697226782,team_strength|opponent_adjusted_form|lineup_continuity|recency,4
expanded_player_form_lightgbm,Pooled expanded player-form LightGBM,team_strength + opponent_adjusted_form + position_and_distribution + recency,69,142,0.9441412829369717,0.9734867126466827,0.021029093947250586,0.5573980506128736,team_strength|opponent_adjusted_form|position_and_distribution|recency,4
expanded_player_form_lightgbm,Pooled expanded player-form LightGBM,team_strength + lineup_continuity + position_and_distribution + recency,52,108,0.9447016081289591,0.9762527259287971,0.02256463569912815,0.5576761742179854,team_strength|lineup_continuity|position_and_distribution|recency,4
expanded_player_form_lightgbm,Pooled expanded player-form LightGBM,opponent_adjusted_form + lineup_continuity + position_and_distribution + recency,68,140,0.9836568166708269,1.002205537791011,0.013720129542123208,0.5844423434317403,opponent_adjusted_form|lineup_continuity|position_and_distribution|recency,4
expanded_player_form_lightgbm,Pooled expanded player-form LightGBM,legacy_player_form + team_strength + opponent_adjusted_form + lineup_continuity + position_and_distribution,66,136,0.9442699850027074,0.9720259501449352,0.01991779932353328,0.5574742028791071,legacy_player_form|team_strength|opponent_adjusted_form|lineup_continuity|position_and_distribution,5
expanded_player_form_lightgbm,Pooled expanded player-form LightGBM,legacy_player_form + team_strength + opponent_adjusted_form + lineup_continuity + recency,63,130,0.9444677388026985,0.976342915618347,0.023299956893003362,0.5576139644934134,legacy_player_form|team_strength|opponent_adjusted_form|lineup_continuity|recency,5
expanded_player_form_lightgbm,Pooled expanded player-form LightGBM,legacy_player_form + team_strength + opponent_adjusted_form + position_and_distribution + recency,76,156,0.9439725340147216,0.9721805320450437,0.020476266829083843,0.55728571601124,legacy_player_form|team_strength|opponent_adjusted_form|position_and_distribution|recency,5
expanded_player_form_lightgbm,Pooled expanded player-form LightGBM,legacy_player_form + team_strength + lineup_continuity + position_and_distribution + recency,59,122,0.9443793436809289,0.9752804120394348,0.022235102057413355,0.5573484431938377,legacy_player_form|team_strength|lineup_continuity|position_and_distribution|recency,5
expanded_player_form_lightgbm,Pooled expanded player-form LightGBM,legacy_player_form + opponent_adjusted_form + lineup_continuity + position_and_distribution + recency,75,154,0.9792876623034057,0.9978268030361331,0.013410012028665088,0.5812821206294227,legacy_player_form|opponent_adjusted_form|lineup_continuity|position_and_distribution|recency,5
expanded_player_form_lightgbm,Pooled expanded player-form LightGBM,team_strength + opponent_adjusted_form + lineup_continuity + position_and_distribution + recency,76,156,0.9447012689006582,0.9743101668383722,0.021250255135325358,0.5576180462159523,team_strength|opponent_adjusted_form|lineup_continuity|position_and_distribution|recency,5
expanded_player_form_lightgbm,Pooled expanded player-form LightGBM,legacy_player_form + team_strength + opponent_adjusted_form + lineup_continuity + position_and_distribution + recency,83,170,0.9446127421726498,0.9741514206679135,0.02129086625065209,0.557549492377694,legacy_player_form|team_strength|opponent_adjusted_form|lineup_continuity|position_and_distribution|recency,6
