comparison,priority,training_scope,baseline_model,enhanced_model,weighting,metric,matches,leagues,observed_baseline,observed_enhanced,observed_absolute_improvement,observed_relative_improvement_pct,lower_95_absolute,upper_95_absolute,lower_95_relative_pct,upper_95_relative_pct,samples_favouring_enhanced_pct,interval_excludes_zero,repetitions,seed
Pooled players versus recalibrated market,primary,pooled,recalibrated_market,market_plus_player_form,equal_league,log_loss,3895,5,0.9248014846299055,0.9238901386773825,0.0009113459525230587,0.09854503562867532,-0.0014586714085370895,0.0032474633648038012,-0.15737014561258578,0.35113617036250877,78.36999999999999,False,10000,42
Pooled players versus recalibrated market,primary,pooled,recalibrated_market,market_plus_player_form,equal_league,brier_score,3895,5,0.544372839429793,0.5438678412582335,0.00050499817155949,0.09276696686198631,-0.0010193593913202614,0.001982455737242317,-0.18812588115307066,0.3646274194876311,74.82,False,10000,42
Pooled players versus recalibrated market,primary,pooled,recalibrated_market,market_plus_player_form,equal_league,rps,3895,5,0.18486037416024642,0.18437919666807642,0.0004811774921700118,0.2602923933026894,-0.00018817594541202022,0.0011417842830708594,-0.10132563591072141,0.6163341584324704,92.49000000000001,False,10000,42
Pooled players versus recalibrated market,primary,pooled,recalibrated_market,market_plus_player_form,match_weighted,log_loss,3895,5,0.9286855437116364,0.9282278358436723,0.0004577078679640857,0.0492855596884587,-0.001933049137190169,0.002811539165705209,-0.20796497904239516,0.3016890540143573,64.79,False,10000,42
Pooled players versus recalibrated market,primary,pooled,recalibrated_market,market_plus_player_form,match_weighted,brier_score,3895,5,0.5473561583350557,0.5471256498270323,0.0002305085080233679,0.04211307473447036,-0.001338211246797678,0.0017524800744712324,-0.24606008367275534,0.3201414286137752,61.01,False,10000,42
Pooled players versus recalibrated market,primary,pooled,recalibrated_market,market_plus_player_form,match_weighted,rps,3895,5,0.18538894379436477,0.18502246142841422,0.0003664823659505428,0.19768296773784347,-0.00031077831155893604,0.0010342950007126842,-0.1671309091182072,0.5546246392823878,86.37,False,10000,42
Pooled recalibration versus raw market,secondary,pooled,closing_market,recalibrated_market,equal_league,log_loss,3895,5,0.9266801335327506,0.9248014846299057,0.0018786489028448906,0.20272894981388911,-0.0012549352480967291,0.004907112478747545,-0.13430390767063405,0.5366360086890148,88.4,False,10000,43
Pooled recalibration versus raw market,secondary,pooled,closing_market,recalibrated_market,equal_league,brier_score,3895,5,0.5456567225209887,0.5443728394297931,0.0012838830911957007,0.23529135410703497,-0.00038337799256966064,0.0029526196496579933,-0.06953427056078285,0.5483101125791896,93.47,False,10000,43
Pooled recalibration versus raw market,secondary,pooled,closing_market,recalibrated_market,equal_league,rps,3895,5,0.18551933242469867,0.18486037416024645,0.0006589582644522354,0.3551965478960005,-7.990767782451676e-05,0.0013848462284416054,-0.04234083973987867,0.7564411095877331,95.87,False,10000,43
Pooled recalibration versus raw market,secondary,pooled,closing_market,recalibrated_market,match_weighted,log_loss,3895,5,0.9310071860541598,0.9286855437116365,0.0023216423425233474,0.24936889610520038,-0.0006967521716716667,0.005235398308275562,-0.07380920422917837,0.5698260267524102,93.64,False,10000,43
Pooled recalibration versus raw market,secondary,pooled,closing_market,recalibrated_market,match_weighted,brier_score,3895,5,0.5488222372358108,0.5473561583350557,0.001466078900755085,0.2671318327295035,-0.00015803469734517204,0.0030704909420454477,-0.02841479228164106,0.5677716828219584,96.00999999999999,False,10000,43
Pooled recalibration versus raw market,secondary,pooled,closing_market,recalibrated_market,match_weighted,rps,3895,5,0.1861226539534077,0.18538894379436474,0.0007337101590429602,0.39420787499980015,6.6390518104164895e-06,0.0014449141532996736,0.0034934574858232204,0.7878220729484117,97.61999999999999,True,10000,43
Separate players versus recalibrated market,secondary,league_specific,recalibrated_market,market_plus_player_form,equal_league,log_loss,3895,5,0.9263041754476375,0.9322308360937762,-0.005926660646138699,-0.6398179780712565,-0.010296634468943444,-0.001936370194598847,-1.1112064856427453,-0.20868605428761636,0.06,True,10000,44
Separate players versus recalibrated market,secondary,league_specific,recalibrated_market,market_plus_player_form,equal_league,brier_score,3895,5,0.5450603504191188,0.5485095872335188,-0.0034492368144000223,-0.6328174140253947,-0.0056917428723969425,-0.001217397541509614,-1.0434115056016802,-0.22255704009599214,0.11,True,10000,44
Separate players versus recalibrated market,secondary,league_specific,recalibrated_market,market_plus_player_form,equal_league,rps,3895,5,0.18488562194509012,0.18606872695405877,-0.0011831050089686445,-0.6399118528102846,-0.002173135638641461,-0.00020454020582026666,-1.1772863153318875,-0.10965645180502176,0.88,True,10000,44
Separate players versus recalibrated market,secondary,league_specific,recalibrated_market,market_plus_player_form,match_weighted,log_loss,3895,5,0.9300431381913808,0.9367456111825825,-0.0067024729912016105,-0.7206625925154022,-0.011330453149247417,-0.002652329508410982,-1.2135132118264484,-0.28452297642561686,0.02,True,10000,44
Separate players versus recalibrated market,secondary,league_specific,recalibrated_market,market_plus_player_form,match_weighted,brier_score,3895,5,0.5479175406922564,0.5517180218377414,-0.0038004811454849896,-0.6936228288445268,-0.006021937003626041,-0.0015799922269590485,-1.0969007104151218,-0.28840179799425264,0.03,True,10000,44
Separate players versus recalibrated market,secondary,league_specific,recalibrated_market,market_plus_player_form,match_weighted,rps,3895,5,0.18535459799515763,0.18667976513299078,-0.0013251671378331387,-0.7149362099276105,-0.002321495081152941,-0.00032777753910881647,-1.2542626032001989,-0.17603225313099802,0.4,True,10000,44
Dixon-Coles with players versus plain Dixon-Coles,secondary,league_specific,dixon_coles,dixon_coles_player_form,equal_league,log_loss,3895,5,0.9620814706274567,0.9618820245994306,0.0001994460280260747,0.020730679689319725,-0.004037736141873194,0.004224633145246972,-0.42055784563697984,0.4399303132157483,53.37,False,10000,45
Dixon-Coles with players versus plain Dixon-Coles,secondary,league_specific,dixon_coles,dixon_coles_player_form,equal_league,brier_score,3895,5,0.5703238407095229,0.5693080382414442,0.0010158024680787187,0.17810976774440798,-0.0015459041135724588,0.0035259733061739993,-0.27218412344030174,0.6185407535906617,77.79,False,10000,45
Dixon-Coles with players versus plain Dixon-Coles,secondary,league_specific,dixon_coles,dixon_coles_player_form,equal_league,rps,3895,5,0.19662019082665474,0.19619099540558013,0.0004291954210746193,0.21828654487117685,-0.0007476616910615981,0.001593182760320988,-0.3781456917754315,0.8085135585984105,75.27000000000001,False,10000,45
Dixon-Coles with players versus plain Dixon-Coles,secondary,league_specific,dixon_coles,dixon_coles_player_form,match_weighted,log_loss,3895,5,0.9660256900385931,0.9653238491326567,0.0007018409059363428,0.07265240595292077,-0.003858769673014136,0.004962396539659694,-0.3994568338806886,0.5148717524052121,62.09,False,10000,45
Dixon-Coles with players versus plain Dixon-Coles,secondary,league_specific,dixon_coles,dixon_coles_player_form,match_weighted,brier_score,3895,5,0.5732711667203175,0.5718953235888968,0.0013758431314207177,0.23999866228959527,-0.0013207252036868265,0.003972731240092151,-0.23134186019666084,0.6956505772582924,83.89999999999999,False,10000,45
Dixon-Coles with players versus plain Dixon-Coles,secondary,league_specific,dixon_coles,dixon_coles_player_form,match_weighted,rps,3895,5,0.19715110879135067,0.19656850346270144,0.0005826053286492394,0.29551207305956534,-0.0006462605742752371,0.0018015454673587176,-0.32877341543387306,0.9118161893254756,81.77,False,10000,45
