model,feature_set,feature_signature,base_feature_count,equal_league_log_loss,equal_league_baseline_log_loss,equal_league_log_loss_delta,equal_league_brier_delta,leagues_improved,worst_league_log_loss_delta,league_delta_std,fold_league_delta_std,selected_groups,group_count
dixon_coles_player_form,lineup_continuity,mean_pairwise_prior_minutes|mean_pairwise_prior_starts|missing_regular_starters|new_player_pairs|new_starters|replacement_quality|retained_starters,7,0.9610803243747001,0.9620814706274567,-0.0010011462527564463,-0.0011315679875595786,3,0.002646363836752541,0.0032272368219481954,0.006155389220088844,lineup_continuity,1
dixon_coles_player_form,legacy_player_form,defensive_actions_per90_sum_5|key_passes_per90_sum_5|rating_mean_5|recent_minutes_sum_5|shots_per90_sum_5|starters_without_full_window|starters_without_history,7,0.9643676078756828,0.9620814706274567,0.0022861372482261056,0.0004401083346455614,2,0.010045047938238127,0.005297480677750604,0.012858604054748706,legacy_player_form,1
dixon_coles_player_form,legacy_player_form + lineup_continuity,defensive_actions_per90_sum_5|key_passes_per90_sum_5|mean_pairwise_prior_minutes|mean_pairwise_prior_starts|missing_regular_starters|new_player_pairs|new_starters|rating_mean_5|recent_minutes_sum_5|replacement_quality|retained_starters|shots_per90_sum_5|starters_without_full_window|starters_without_history,14,0.9663554219557238,0.9620814706274567,0.004273951328267111,0.0011615717866291897,2,0.016886227656488062,0.008637876406937955,0.018003625645223724,legacy_player_form|lineup_continuity,2
dixon_coles_player_form,recency,defensive_actions_per90_lineup_mean_1|defensive_actions_per90_lineup_mean_3|defensive_actions_per90_lineup_mean_ewm|defensive_actions_per90_lineup_mean_trend_1_5|key_passes_per90_lineup_mean_1|key_passes_per90_lineup_mean_3|key_passes_per90_lineup_mean_ewm|key_passes_per90_lineup_mean_trend_1_5|rating_lineup_mean_1|rating_lineup_mean_3|rating_lineup_mean_ewm|rating_lineup_mean_std_5|rating_lineup_mean_trend_1_5|shots_per90_lineup_mean_1|shots_per90_lineup_mean_3|shots_per90_lineup_mean_ewm|shots_per90_lineup_mean_trend_1_5,17,0.9724865905198833,0.9620814706274567,0.010405119892426517,0.005719280541390081,0,0.02010308451663656,0.00659950509858732,0.013349853683845394,recency,1
dixon_coles_player_form,lineup_continuity + recency,defensive_actions_per90_lineup_mean_1|defensive_actions_per90_lineup_mean_3|defensive_actions_per90_lineup_mean_ewm|defensive_actions_per90_lineup_mean_trend_1_5|key_passes_per90_lineup_mean_1|key_passes_per90_lineup_mean_3|key_passes_per90_lineup_mean_ewm|key_passes_per90_lineup_mean_trend_1_5|mean_pairwise_prior_minutes|mean_pairwise_prior_starts|missing_regular_starters|new_player_pairs|new_starters|rating_lineup_mean_1|rating_lineup_mean_3|rating_lineup_mean_ewm|rating_lineup_mean_std_5|rating_lineup_mean_trend_1_5|replacement_quality|retained_starters|shots_per90_lineup_mean_1|shots_per90_lineup_mean_3|shots_per90_lineup_mean_ewm|shots_per90_lineup_mean_trend_1_5,24,0.9728512549689448,0.9620814706274567,0.010769784341488097,0.005259096549495967,1,0.025557265101875837,0.00961030663604429,0.018700928157035255,lineup_continuity|recency,2
dixon_coles_player_form,legacy_player_form + recency,defensive_actions_per90_lineup_mean_1|defensive_actions_per90_lineup_mean_3|defensive_actions_per90_lineup_mean_ewm|defensive_actions_per90_lineup_mean_trend_1_5|defensive_actions_per90_sum_5|key_passes_per90_lineup_mean_1|key_passes_per90_lineup_mean_3|key_passes_per90_lineup_mean_ewm|key_passes_per90_lineup_mean_trend_1_5|key_passes_per90_sum_5|rating_lineup_mean_1|rating_lineup_mean_3|rating_lineup_mean_ewm|rating_lineup_mean_std_5|rating_lineup_mean_trend_1_5|rating_mean_5|recent_minutes_sum_5|shots_per90_lineup_mean_1|shots_per90_lineup_mean_3|shots_per90_lineup_mean_ewm|shots_per90_lineup_mean_trend_1_5|shots_per90_sum_5|starters_without_full_window|starters_without_history,24,0.9736335391224064,0.9620814706274567,0.011552068494949563,0.0062207822297645435,0,0.02122084802517965,0.007531846616797265,0.0147283778417241,legacy_player_form|recency,2
dixon_coles_player_form,position_and_distribution,adjusted_defensive_actions_lineup_std_across_starters_5|adjusted_key_passes_lineup_std_across_starters_5|adjusted_rating_lineup_std_across_starters_5|adjusted_shots_lineup_std_across_starters_5|def_adjusted_defensive_actions_5|def_count|def_rating_mean_5|fwd_adjusted_shots_5|fwd_count|fwd_rating_mean_5|gk_count|gk_rating_mean_5|gk_saves_per90_5|mid_adjusted_key_passes_5|mid_count|mid_rating_mean_5|rating_lineup_max_5|rating_lineup_min_5|rating_lineup_std_across_starters_5|rating_lineup_top3_mean_5,20,0.9745828465361246,0.9620814706274567,0.012501375908667822,0.007786401310230051,0,0.02660980338171448,0.007760267057479022,0.01730186435908353,position_and_distribution,1
dixon_coles_player_form,lineup_continuity + position_and_distribution,adjusted_defensive_actions_lineup_std_across_starters_5|adjusted_key_passes_lineup_std_across_starters_5|adjusted_rating_lineup_std_across_starters_5|adjusted_shots_lineup_std_across_starters_5|def_adjusted_defensive_actions_5|def_count|def_rating_mean_5|fwd_adjusted_shots_5|fwd_count|fwd_rating_mean_5|gk_count|gk_rating_mean_5|gk_saves_per90_5|mean_pairwise_prior_minutes|mean_pairwise_prior_starts|mid_adjusted_key_passes_5|mid_count|mid_rating_mean_5|missing_regular_starters|new_player_pairs|new_starters|rating_lineup_max_5|rating_lineup_min_5|rating_lineup_std_across_starters_5|rating_lineup_top3_mean_5|replacement_quality|retained_starters,27,0.9749843371593545,0.9620814706274567,0.012902866531897761,0.006887227016427189,0,0.03043824271722073,0.009678651272308134,0.019953826015624163,lineup_continuity|position_and_distribution,2
dixon_coles_player_form,opponent_adjusted_form,adjusted_defensive_actions_lineup_mean_1|adjusted_defensive_actions_lineup_mean_3|adjusted_defensive_actions_lineup_mean_5|adjusted_defensive_actions_lineup_mean_ewm|adjusted_defensive_actions_lineup_mean_std_5|adjusted_defensive_actions_lineup_mean_trend_1_5|adjusted_key_passes_lineup_mean_1|adjusted_key_passes_lineup_mean_3|adjusted_key_passes_lineup_mean_5|adjusted_key_passes_lineup_mean_ewm|adjusted_key_passes_lineup_mean_std_5|adjusted_key_passes_lineup_mean_trend_1_5|adjusted_rating_lineup_mean_1|adjusted_rating_lineup_mean_3|adjusted_rating_lineup_mean_5|adjusted_rating_lineup_mean_ewm|adjusted_rating_lineup_mean_std_5|adjusted_rating_lineup_mean_trend_1_5|adjusted_shots_lineup_mean_1|adjusted_shots_lineup_mean_3|adjusted_shots_lineup_mean_5|adjusted_shots_lineup_mean_ewm|adjusted_shots_lineup_mean_std_5|adjusted_shots_lineup_mean_trend_1_5,24,0.9763959956380983,0.9620814706274567,0.01431452501064152,0.008512947079372979,0,0.02014489465954461,0.006185038447121704,0.015486261523551243,opponent_adjusted_form,1
dixon_coles_player_form,legacy_player_form + lineup_continuity + recency,defensive_actions_per90_lineup_mean_1|defensive_actions_per90_lineup_mean_3|defensive_actions_per90_lineup_mean_ewm|defensive_actions_per90_lineup_mean_trend_1_5|defensive_actions_per90_sum_5|key_passes_per90_lineup_mean_1|key_passes_per90_lineup_mean_3|key_passes_per90_lineup_mean_ewm|key_passes_per90_lineup_mean_trend_1_5|key_passes_per90_sum_5|mean_pairwise_prior_minutes|mean_pairwise_prior_starts|missing_regular_starters|new_player_pairs|new_starters|rating_lineup_mean_1|rating_lineup_mean_3|rating_lineup_mean_ewm|rating_lineup_mean_std_5|rating_lineup_mean_trend_1_5|rating_mean_5|recent_minutes_sum_5|replacement_quality|retained_starters|shots_per90_lineup_mean_1|shots_per90_lineup_mean_3|shots_per90_lineup_mean_ewm|shots_per90_lineup_mean_trend_1_5|shots_per90_sum_5|starters_without_full_window|starters_without_history,31,0.9765632962800828,0.9620814706274567,0.014481825652625947,0.007620144117792838,0,0.030813639194654074,0.010836854058287484,0.02205686026476415,legacy_player_form|lineup_continuity|recency,3
dixon_coles_player_form,opponent_adjusted_form + lineup_continuity,adjusted_defensive_actions_lineup_mean_1|adjusted_defensive_actions_lineup_mean_3|adjusted_defensive_actions_lineup_mean_5|adjusted_defensive_actions_lineup_mean_ewm|adjusted_defensive_actions_lineup_mean_std_5|adjusted_defensive_actions_lineup_mean_trend_1_5|adjusted_key_passes_lineup_mean_1|adjusted_key_passes_lineup_mean_3|adjusted_key_passes_lineup_mean_5|adjusted_key_passes_lineup_mean_ewm|adjusted_key_passes_lineup_mean_std_5|adjusted_key_passes_lineup_mean_trend_1_5|adjusted_rating_lineup_mean_1|adjusted_rating_lineup_mean_3|adjusted_rating_lineup_mean_5|adjusted_rating_lineup_mean_ewm|adjusted_rating_lineup_mean_std_5|adjusted_rating_lineup_mean_trend_1_5|adjusted_shots_lineup_mean_1|adjusted_shots_lineup_mean_3|adjusted_shots_lineup_mean_5|adjusted_shots_lineup_mean_ewm|adjusted_shots_lineup_mean_std_5|adjusted_shots_lineup_mean_trend_1_5|mean_pairwise_prior_minutes|mean_pairwise_prior_starts|missing_regular_starters|new_player_pairs|new_starters|replacement_quality|retained_starters,31,0.9766361888100861,0.9620814706274567,0.014554718182629277,0.008352843194950022,0,0.021581540011400113,0.007175049311633672,0.018276176860299396,opponent_adjusted_form|lineup_continuity,2
dixon_coles_player_form,legacy_player_form + position_and_distribution,adjusted_defensive_actions_lineup_std_across_starters_5|adjusted_key_passes_lineup_std_across_starters_5|adjusted_rating_lineup_std_across_starters_5|adjusted_shots_lineup_std_across_starters_5|def_adjusted_defensive_actions_5|def_count|def_rating_mean_5|defensive_actions_per90_sum_5|fwd_adjusted_shots_5|fwd_count|fwd_rating_mean_5|gk_count|gk_rating_mean_5|gk_saves_per90_5|key_passes_per90_sum_5|mid_adjusted_key_passes_5|mid_count|mid_rating_mean_5|rating_lineup_max_5|rating_lineup_min_5|rating_lineup_std_across_starters_5|rating_lineup_top3_mean_5|rating_mean_5|recent_minutes_sum_5|shots_per90_sum_5|starters_without_full_window|starters_without_history,27,0.9778318588356305,0.9620814706274567,0.015750388208173805,0.009615191019843983,0,0.02869084672474398,0.0087590048867563,0.01988055957904333,legacy_player_form|position_and_distribution,2
dixon_coles_player_form,legacy_player_form + lineup_continuity + position_and_distribution,adjusted_defensive_actions_lineup_std_across_starters_5|adjusted_key_passes_lineup_std_across_starters_5|adjusted_rating_lineup_std_across_starters_5|adjusted_shots_lineup_std_across_starters_5|def_adjusted_defensive_actions_5|def_count|def_rating_mean_5|defensive_actions_per90_sum_5|fwd_adjusted_shots_5|fwd_count|fwd_rating_mean_5|gk_count|gk_rating_mean_5|gk_saves_per90_5|key_passes_per90_sum_5|mean_pairwise_prior_minutes|mean_pairwise_prior_starts|mid_adjusted_key_passes_5|mid_count|mid_rating_mean_5|missing_regular_starters|new_player_pairs|new_starters|rating_lineup_max_5|rating_lineup_min_5|rating_lineup_std_across_starters_5|rating_lineup_top3_mean_5|rating_mean_5|recent_minutes_sum_5|replacement_quality|retained_starters|shots_per90_sum_5|starters_without_full_window|starters_without_history,34,0.9793737429208147,0.9620814706274567,0.017292272293357856,0.009760830253170826,1,0.02791370596211462,0.010052934392395449,0.02132183420453036,legacy_player_form|lineup_continuity|position_and_distribution,3
dixon_coles_player_form,legacy_player_form + opponent_adjusted_form,adjusted_defensive_actions_lineup_mean_1|adjusted_defensive_actions_lineup_mean_3|adjusted_defensive_actions_lineup_mean_5|adjusted_defensive_actions_lineup_mean_ewm|adjusted_defensive_actions_lineup_mean_std_5|adjusted_defensive_actions_lineup_mean_trend_1_5|adjusted_key_passes_lineup_mean_1|adjusted_key_passes_lineup_mean_3|adjusted_key_passes_lineup_mean_5|adjusted_key_passes_lineup_mean_ewm|adjusted_key_passes_lineup_mean_std_5|adjusted_key_passes_lineup_mean_trend_1_5|adjusted_rating_lineup_mean_1|adjusted_rating_lineup_mean_3|adjusted_rating_lineup_mean_5|adjusted_rating_lineup_mean_ewm|adjusted_rating_lineup_mean_std_5|adjusted_rating_lineup_mean_trend_1_5|adjusted_shots_lineup_mean_1|adjusted_shots_lineup_mean_3|adjusted_shots_lineup_mean_5|adjusted_shots_lineup_mean_ewm|adjusted_shots_lineup_mean_std_5|adjusted_shots_lineup_mean_trend_1_5|defensive_actions_per90_sum_5|key_passes_per90_sum_5|rating_mean_5|recent_minutes_sum_5|shots_per90_sum_5|starters_without_full_window|starters_without_history,31,0.9813798083347652,0.9620814706274567,0.019298337707308554,0.011507229542229292,0,0.027456171961640963,0.008354094387579803,0.020370571737200232,legacy_player_form|opponent_adjusted_form,2
dixon_coles_player_form,legacy_player_form + opponent_adjusted_form + lineup_continuity,adjusted_defensive_actions_lineup_mean_1|adjusted_defensive_actions_lineup_mean_3|adjusted_defensive_actions_lineup_mean_5|adjusted_defensive_actions_lineup_mean_ewm|adjusted_defensive_actions_lineup_mean_std_5|adjusted_defensive_actions_lineup_mean_trend_1_5|adjusted_key_passes_lineup_mean_1|adjusted_key_passes_lineup_mean_3|adjusted_key_passes_lineup_mean_5|adjusted_key_passes_lineup_mean_ewm|adjusted_key_passes_lineup_mean_std_5|adjusted_key_passes_lineup_mean_trend_1_5|adjusted_rating_lineup_mean_1|adjusted_rating_lineup_mean_3|adjusted_rating_lineup_mean_5|adjusted_rating_lineup_mean_ewm|adjusted_rating_lineup_mean_std_5|adjusted_rating_lineup_mean_trend_1_5|adjusted_shots_lineup_mean_1|adjusted_shots_lineup_mean_3|adjusted_shots_lineup_mean_5|adjusted_shots_lineup_mean_ewm|adjusted_shots_lineup_mean_std_5|adjusted_shots_lineup_mean_trend_1_5|defensive_actions_per90_sum_5|key_passes_per90_sum_5|mean_pairwise_prior_minutes|mean_pairwise_prior_starts|missing_regular_starters|new_player_pairs|new_starters|rating_mean_5|recent_minutes_sum_5|replacement_quality|retained_starters|shots_per90_sum_5|starters_without_full_window|starters_without_history,38,0.9831797771653866,0.9620814706274567,0.021098306537929833,0.01241963908593755,0,0.03739764993729788,0.0106343278916298,0.024987431902757682,legacy_player_form|opponent_adjusted_form|lineup_continuity,3
dixon_coles_player_form,opponent_adjusted_form + recency,adjusted_defensive_actions_lineup_mean_1|adjusted_defensive_actions_lineup_mean_3|adjusted_defensive_actions_lineup_mean_5|adjusted_defensive_actions_lineup_mean_ewm|adjusted_defensive_actions_lineup_mean_std_5|adjusted_defensive_actions_lineup_mean_trend_1_5|adjusted_key_passes_lineup_mean_1|adjusted_key_passes_lineup_mean_3|adjusted_key_passes_lineup_mean_5|adjusted_key_passes_lineup_mean_ewm|adjusted_key_passes_lineup_mean_std_5|adjusted_key_passes_lineup_mean_trend_1_5|adjusted_rating_lineup_mean_1|adjusted_rating_lineup_mean_3|adjusted_rating_lineup_mean_5|adjusted_rating_lineup_mean_ewm|adjusted_rating_lineup_mean_std_5|adjusted_rating_lineup_mean_trend_1_5|adjusted_shots_lineup_mean_1|adjusted_shots_lineup_mean_3|adjusted_shots_lineup_mean_5|adjusted_shots_lineup_mean_ewm|adjusted_shots_lineup_mean_std_5|adjusted_shots_lineup_mean_trend_1_5|defensive_actions_per90_lineup_mean_1|defensive_actions_per90_lineup_mean_3|defensive_actions_per90_lineup_mean_ewm|defensive_actions_per90_lineup_mean_trend_1_5|key_passes_per90_lineup_mean_1|key_passes_per90_lineup_mean_3|key_passes_per90_lineup_mean_ewm|key_passes_per90_lineup_mean_trend_1_5|rating_lineup_mean_1|rating_lineup_mean_3|rating_lineup_mean_ewm|rating_lineup_mean_std_5|rating_lineup_mean_trend_1_5|shots_per90_lineup_mean_1|shots_per90_lineup_mean_3|shots_per90_lineup_mean_ewm|shots_per90_lineup_mean_trend_1_5,41,0.9835524984973334,0.9620814706274567,0.021471027869876824,0.01305746719885641,0,0.03239301862305488,0.010510522225851436,0.021703677147130132,opponent_adjusted_form|recency,2
dixon_coles_player_form,opponent_adjusted_form + lineup_continuity + recency,adjusted_defensive_actions_lineup_mean_1|adjusted_defensive_actions_lineup_mean_3|adjusted_defensive_actions_lineup_mean_5|adjusted_defensive_actions_lineup_mean_ewm|adjusted_defensive_actions_lineup_mean_std_5|adjusted_defensive_actions_lineup_mean_trend_1_5|adjusted_key_passes_lineup_mean_1|adjusted_key_passes_lineup_mean_3|adjusted_key_passes_lineup_mean_5|adjusted_key_passes_lineup_mean_ewm|adjusted_key_passes_lineup_mean_std_5|adjusted_key_passes_lineup_mean_trend_1_5|adjusted_rating_lineup_mean_1|adjusted_rating_lineup_mean_3|adjusted_rating_lineup_mean_5|adjusted_rating_lineup_mean_ewm|adjusted_rating_lineup_mean_std_5|adjusted_rating_lineup_mean_trend_1_5|adjusted_shots_lineup_mean_1|adjusted_shots_lineup_mean_3|adjusted_shots_lineup_mean_5|adjusted_shots_lineup_mean_ewm|adjusted_shots_lineup_mean_std_5|adjusted_shots_lineup_mean_trend_1_5|defensive_actions_per90_lineup_mean_1|defensive_actions_per90_lineup_mean_3|defensive_actions_per90_lineup_mean_ewm|defensive_actions_per90_lineup_mean_trend_1_5|key_passes_per90_lineup_mean_1|key_passes_per90_lineup_mean_3|key_passes_per90_lineup_mean_ewm|key_passes_per90_lineup_mean_trend_1_5|mean_pairwise_prior_minutes|mean_pairwise_prior_starts|missing_regular_starters|new_player_pairs|new_starters|rating_lineup_mean_1|rating_lineup_mean_3|rating_lineup_mean_ewm|rating_lineup_mean_std_5|rating_lineup_mean_trend_1_5|replacement_quality|retained_starters|shots_per90_lineup_mean_1|shots_per90_lineup_mean_3|shots_per90_lineup_mean_ewm|shots_per90_lineup_mean_trend_1_5,48,0.9839902831294843,0.9620814706274567,0.021908812502027496,0.012962854740229379,0,0.035696114392223866,0.011711890027709735,0.023918886902705924,opponent_adjusted_form|lineup_continuity|recency,3
dixon_coles_player_form,legacy_player_form + opponent_adjusted_form + recency,adjusted_defensive_actions_lineup_mean_1|adjusted_defensive_actions_lineup_mean_3|adjusted_defensive_actions_lineup_mean_5|adjusted_defensive_actions_lineup_mean_ewm|adjusted_defensive_actions_lineup_mean_std_5|adjusted_defensive_actions_lineup_mean_trend_1_5|adjusted_key_passes_lineup_mean_1|adjusted_key_passes_lineup_mean_3|adjusted_key_passes_lineup_mean_5|adjusted_key_passes_lineup_mean_ewm|adjusted_key_passes_lineup_mean_std_5|adjusted_key_passes_lineup_mean_trend_1_5|adjusted_rating_lineup_mean_1|adjusted_rating_lineup_mean_3|adjusted_rating_lineup_mean_5|adjusted_rating_lineup_mean_ewm|adjusted_rating_lineup_mean_std_5|adjusted_rating_lineup_mean_trend_1_5|adjusted_shots_lineup_mean_1|adjusted_shots_lineup_mean_3|adjusted_shots_lineup_mean_5|adjusted_shots_lineup_mean_ewm|adjusted_shots_lineup_mean_std_5|adjusted_shots_lineup_mean_trend_1_5|defensive_actions_per90_lineup_mean_1|defensive_actions_per90_lineup_mean_3|defensive_actions_per90_lineup_mean_ewm|defensive_actions_per90_lineup_mean_trend_1_5|defensive_actions_per90_sum_5|key_passes_per90_lineup_mean_1|key_passes_per90_lineup_mean_3|key_passes_per90_lineup_mean_ewm|key_passes_per90_lineup_mean_trend_1_5|key_passes_per90_sum_5|rating_lineup_mean_1|rating_lineup_mean_3|rating_lineup_mean_ewm|rating_lineup_mean_std_5|rating_lineup_mean_trend_1_5|rating_mean_5|recent_minutes_sum_5|shots_per90_lineup_mean_1|shots_per90_lineup_mean_3|shots_per90_lineup_mean_ewm|shots_per90_lineup_mean_trend_1_5|shots_per90_sum_5|starters_without_full_window|starters_without_history,48,0.9852094136474158,0.9620814706274567,0.023127943019958862,0.013791909043745476,0,0.033671898875852646,0.010610809407414247,0.0221826061264815,legacy_player_form|opponent_adjusted_form|recency,3
dixon_coles_player_form,position_and_distribution + recency,adjusted_defensive_actions_lineup_std_across_starters_5|adjusted_key_passes_lineup_std_across_starters_5|adjusted_rating_lineup_std_across_starters_5|adjusted_shots_lineup_std_across_starters_5|def_adjusted_defensive_actions_5|def_count|def_rating_mean_5|defensive_actions_per90_lineup_mean_1|defensive_actions_per90_lineup_mean_3|defensive_actions_per90_lineup_mean_ewm|defensive_actions_per90_lineup_mean_trend_1_5|fwd_adjusted_shots_5|fwd_count|fwd_rating_mean_5|gk_count|gk_rating_mean_5|gk_saves_per90_5|key_passes_per90_lineup_mean_1|key_passes_per90_lineup_mean_3|key_passes_per90_lineup_mean_ewm|key_passes_per90_lineup_mean_trend_1_5|mid_adjusted_key_passes_5|mid_count|mid_rating_mean_5|rating_lineup_max_5|rating_lineup_mean_1|rating_lineup_mean_3|rating_lineup_mean_ewm|rating_lineup_mean_std_5|rating_lineup_mean_trend_1_5|rating_lineup_min_5|rating_lineup_std_across_starters_5|rating_lineup_top3_mean_5|shots_per90_lineup_mean_1|shots_per90_lineup_mean_3|shots_per90_lineup_mean_ewm|shots_per90_lineup_mean_trend_1_5,37,0.9856801112821912,0.9620814706274567,0.023598640654734472,0.013944337510974191,0,0.0333053600325921,0.00864665329145879,0.022198207177449768,position_and_distribution|recency,2
dixon_coles_player_form,legacy_player_form + opponent_adjusted_form + lineup_continuity + recency,adjusted_defensive_actions_lineup_mean_1|adjusted_defensive_actions_lineup_mean_3|adjusted_defensive_actions_lineup_mean_5|adjusted_defensive_actions_lineup_mean_ewm|adjusted_defensive_actions_lineup_mean_std_5|adjusted_defensive_actions_lineup_mean_trend_1_5|adjusted_key_passes_lineup_mean_1|adjusted_key_passes_lineup_mean_3|adjusted_key_passes_lineup_mean_5|adjusted_key_passes_lineup_mean_ewm|adjusted_key_passes_lineup_mean_std_5|adjusted_key_passes_lineup_mean_trend_1_5|adjusted_rating_lineup_mean_1|adjusted_rating_lineup_mean_3|adjusted_rating_lineup_mean_5|adjusted_rating_lineup_mean_ewm|adjusted_rating_lineup_mean_std_5|adjusted_rating_lineup_mean_trend_1_5|adjusted_shots_lineup_mean_1|adjusted_shots_lineup_mean_3|adjusted_shots_lineup_mean_5|adjusted_shots_lineup_mean_ewm|adjusted_shots_lineup_mean_std_5|adjusted_shots_lineup_mean_trend_1_5|defensive_actions_per90_lineup_mean_1|defensive_actions_per90_lineup_mean_3|defensive_actions_per90_lineup_mean_ewm|defensive_actions_per90_lineup_mean_trend_1_5|defensive_actions_per90_sum_5|key_passes_per90_lineup_mean_1|key_passes_per90_lineup_mean_3|key_passes_per90_lineup_mean_ewm|key_passes_per90_lineup_mean_trend_1_5|key_passes_per90_sum_5|mean_pairwise_prior_minutes|mean_pairwise_prior_starts|missing_regular_starters|new_player_pairs|new_starters|rating_lineup_mean_1|rating_lineup_mean_3|rating_lineup_mean_ewm|rating_lineup_mean_std_5|rating_lineup_mean_trend_1_5|rating_mean_5|recent_minutes_sum_5|replacement_quality|retained_starters|shots_per90_lineup_mean_1|shots_per90_lineup_mean_3|shots_per90_lineup_mean_ewm|shots_per90_lineup_mean_trend_1_5|shots_per90_sum_5|starters_without_full_window|starters_without_history,55,0.9868400001009313,0.9620814706274567,0.024758529473474587,0.014524336220852562,0,0.04093449535566096,0.012450771806311203,0.026491103267960246,legacy_player_form|opponent_adjusted_form|lineup_continuity|recency,4
dixon_coles_player_form,lineup_continuity + position_and_distribution + recency,adjusted_defensive_actions_lineup_std_across_starters_5|adjusted_key_passes_lineup_std_across_starters_5|adjusted_rating_lineup_std_across_starters_5|adjusted_shots_lineup_std_across_starters_5|def_adjusted_defensive_actions_5|def_count|def_rating_mean_5|defensive_actions_per90_lineup_mean_1|defensive_actions_per90_lineup_mean_3|defensive_actions_per90_lineup_mean_ewm|defensive_actions_per90_lineup_mean_trend_1_5|fwd_adjusted_shots_5|fwd_count|fwd_rating_mean_5|gk_count|gk_rating_mean_5|gk_saves_per90_5|key_passes_per90_lineup_mean_1|key_passes_per90_lineup_mean_3|key_passes_per90_lineup_mean_ewm|key_passes_per90_lineup_mean_trend_1_5|mean_pairwise_prior_minutes|mean_pairwise_prior_starts|mid_adjusted_key_passes_5|mid_count|mid_rating_mean_5|missing_regular_starters|new_player_pairs|new_starters|rating_lineup_max_5|rating_lineup_mean_1|rating_lineup_mean_3|rating_lineup_mean_ewm|rating_lineup_mean_std_5|rating_lineup_mean_trend_1_5|rating_lineup_min_5|rating_lineup_std_across_starters_5|rating_lineup_top3_mean_5|replacement_quality|retained_starters|shots_per90_lineup_mean_1|shots_per90_lineup_mean_3|shots_per90_lineup_mean_ewm|shots_per90_lineup_mean_trend_1_5,44,0.9868997710740853,0.9620814706274567,0.024818300446628472,0.013608416603916406,0,0.039259080449744355,0.01127816746938063,0.024875993104498863,lineup_continuity|position_and_distribution|recency,3
dixon_coles_player_form,legacy_player_form + position_and_distribution + recency,adjusted_defensive_actions_lineup_std_across_starters_5|adjusted_key_passes_lineup_std_across_starters_5|adjusted_rating_lineup_std_across_starters_5|adjusted_shots_lineup_std_across_starters_5|def_adjusted_defensive_actions_5|def_count|def_rating_mean_5|defensive_actions_per90_lineup_mean_1|defensive_actions_per90_lineup_mean_3|defensive_actions_per90_lineup_mean_ewm|defensive_actions_per90_lineup_mean_trend_1_5|defensive_actions_per90_sum_5|fwd_adjusted_shots_5|fwd_count|fwd_rating_mean_5|gk_count|gk_rating_mean_5|gk_saves_per90_5|key_passes_per90_lineup_mean_1|key_passes_per90_lineup_mean_3|key_passes_per90_lineup_mean_ewm|key_passes_per90_lineup_mean_trend_1_5|key_passes_per90_sum_5|mid_adjusted_key_passes_5|mid_count|mid_rating_mean_5|rating_lineup_max_5|rating_lineup_mean_1|rating_lineup_mean_3|rating_lineup_mean_ewm|rating_lineup_mean_std_5|rating_lineup_mean_trend_1_5|rating_lineup_min_5|rating_lineup_std_across_starters_5|rating_lineup_top3_mean_5|rating_mean_5|recent_minutes_sum_5|shots_per90_lineup_mean_1|shots_per90_lineup_mean_3|shots_per90_lineup_mean_ewm|shots_per90_lineup_mean_trend_1_5|shots_per90_sum_5|starters_without_full_window|starters_without_history,44,0.9879790443674962,0.9620814706274567,0.025897573740039426,0.015336293648524891,0,0.03964756942991787,0.011662700918829205,0.023115524371107136,legacy_player_form|position_and_distribution|recency,3
dixon_coles_player_form,legacy_player_form + lineup_continuity + position_and_distribution + recency,adjusted_defensive_actions_lineup_std_across_starters_5|adjusted_key_passes_lineup_std_across_starters_5|adjusted_rating_lineup_std_across_starters_5|adjusted_shots_lineup_std_across_starters_5|def_adjusted_defensive_actions_5|def_count|def_rating_mean_5|defensive_actions_per90_lineup_mean_1|defensive_actions_per90_lineup_mean_3|defensive_actions_per90_lineup_mean_ewm|defensive_actions_per90_lineup_mean_trend_1_5|defensive_actions_per90_sum_5|fwd_adjusted_shots_5|fwd_count|fwd_rating_mean_5|gk_count|gk_rating_mean_5|gk_saves_per90_5|key_passes_per90_lineup_mean_1|key_passes_per90_lineup_mean_3|key_passes_per90_lineup_mean_ewm|key_passes_per90_lineup_mean_trend_1_5|key_passes_per90_sum_5|mean_pairwise_prior_minutes|mean_pairwise_prior_starts|mid_adjusted_key_passes_5|mid_count|mid_rating_mean_5|missing_regular_starters|new_player_pairs|new_starters|rating_lineup_max_5|rating_lineup_mean_1|rating_lineup_mean_3|rating_lineup_mean_ewm|rating_lineup_mean_std_5|rating_lineup_mean_trend_1_5|rating_lineup_min_5|rating_lineup_std_across_starters_5|rating_lineup_top3_mean_5|rating_mean_5|recent_minutes_sum_5|replacement_quality|retained_starters|shots_per90_lineup_mean_1|shots_per90_lineup_mean_3|shots_per90_lineup_mean_ewm|shots_per90_lineup_mean_trend_1_5|shots_per90_sum_5|starters_without_full_window|starters_without_history,51,0.9898446497471097,0.9620814706274567,0.027763179119653026,0.015696183644945138,0,0.041039137838403295,0.011721711586269975,0.024771676850541987,legacy_player_form|lineup_continuity|position_and_distribution|recency,4
dixon_coles_player_form,opponent_adjusted_form + position_and_distribution,adjusted_defensive_actions_lineup_mean_1|adjusted_defensive_actions_lineup_mean_3|adjusted_defensive_actions_lineup_mean_5|adjusted_defensive_actions_lineup_mean_ewm|adjusted_defensive_actions_lineup_mean_std_5|adjusted_defensive_actions_lineup_mean_trend_1_5|adjusted_defensive_actions_lineup_std_across_starters_5|adjusted_key_passes_lineup_mean_1|adjusted_key_passes_lineup_mean_3|adjusted_key_passes_lineup_mean_5|adjusted_key_passes_lineup_mean_ewm|adjusted_key_passes_lineup_mean_std_5|adjusted_key_passes_lineup_mean_trend_1_5|adjusted_key_passes_lineup_std_across_starters_5|adjusted_rating_lineup_mean_1|adjusted_rating_lineup_mean_3|adjusted_rating_lineup_mean_5|adjusted_rating_lineup_mean_ewm|adjusted_rating_lineup_mean_std_5|adjusted_rating_lineup_mean_trend_1_5|adjusted_rating_lineup_std_across_starters_5|adjusted_shots_lineup_mean_1|adjusted_shots_lineup_mean_3|adjusted_shots_lineup_mean_5|adjusted_shots_lineup_mean_ewm|adjusted_shots_lineup_mean_std_5|adjusted_shots_lineup_mean_trend_1_5|adjusted_shots_lineup_std_across_starters_5|def_adjusted_defensive_actions_5|def_count|def_rating_mean_5|fwd_adjusted_shots_5|fwd_count|fwd_rating_mean_5|gk_count|gk_rating_mean_5|gk_saves_per90_5|mid_adjusted_key_passes_5|mid_count|mid_rating_mean_5|rating_lineup_max_5|rating_lineup_min_5|rating_lineup_std_across_starters_5|rating_lineup_top3_mean_5,44,0.9901107518528172,0.9620814706274567,0.028029281225360303,0.016908988375359525,0,0.04771415370200538,0.011514452261838611,0.0258323733622791,opponent_adjusted_form|position_and_distribution,2
dixon_coles_player_form,opponent_adjusted_form + lineup_continuity + position_and_distribution,adjusted_defensive_actions_lineup_mean_1|adjusted_defensive_actions_lineup_mean_3|adjusted_defensive_actions_lineup_mean_5|adjusted_defensive_actions_lineup_mean_ewm|adjusted_defensive_actions_lineup_mean_std_5|adjusted_defensive_actions_lineup_mean_trend_1_5|adjusted_defensive_actions_lineup_std_across_starters_5|adjusted_key_passes_lineup_mean_1|adjusted_key_passes_lineup_mean_3|adjusted_key_passes_lineup_mean_5|adjusted_key_passes_lineup_mean_ewm|adjusted_key_passes_lineup_mean_std_5|adjusted_key_passes_lineup_mean_trend_1_5|adjusted_key_passes_lineup_std_across_starters_5|adjusted_rating_lineup_mean_1|adjusted_rating_lineup_mean_3|adjusted_rating_lineup_mean_5|adjusted_rating_lineup_mean_ewm|adjusted_rating_lineup_mean_std_5|adjusted_rating_lineup_mean_trend_1_5|adjusted_rating_lineup_std_across_starters_5|adjusted_shots_lineup_mean_1|adjusted_shots_lineup_mean_3|adjusted_shots_lineup_mean_5|adjusted_shots_lineup_mean_ewm|adjusted_shots_lineup_mean_std_5|adjusted_shots_lineup_mean_trend_1_5|adjusted_shots_lineup_std_across_starters_5|def_adjusted_defensive_actions_5|def_count|def_rating_mean_5|fwd_adjusted_shots_5|fwd_count|fwd_rating_mean_5|gk_count|gk_rating_mean_5|gk_saves_per90_5|mean_pairwise_prior_minutes|mean_pairwise_prior_starts|mid_adjusted_key_passes_5|mid_count|mid_rating_mean_5|missing_regular_starters|new_player_pairs|new_starters|rating_lineup_max_5|rating_lineup_min_5|rating_lineup_std_across_starters_5|rating_lineup_top3_mean_5|replacement_quality|retained_starters,51,0.9944357288750789,0.9620814706274567,0.03235425824762208,0.017807754991347013,0,0.05342462525101754,0.013815666409757428,0.030626156378465497,opponent_adjusted_form|lineup_continuity|position_and_distribution,3
dixon_coles_player_form,legacy_player_form + opponent_adjusted_form + position_and_distribution,adjusted_defensive_actions_lineup_mean_1|adjusted_defensive_actions_lineup_mean_3|adjusted_defensive_actions_lineup_mean_5|adjusted_defensive_actions_lineup_mean_ewm|adjusted_defensive_actions_lineup_mean_std_5|adjusted_defensive_actions_lineup_mean_trend_1_5|adjusted_defensive_actions_lineup_std_across_starters_5|adjusted_key_passes_lineup_mean_1|adjusted_key_passes_lineup_mean_3|adjusted_key_passes_lineup_mean_5|adjusted_key_passes_lineup_mean_ewm|adjusted_key_passes_lineup_mean_std_5|adjusted_key_passes_lineup_mean_trend_1_5|adjusted_key_passes_lineup_std_across_starters_5|adjusted_rating_lineup_mean_1|adjusted_rating_lineup_mean_3|adjusted_rating_lineup_mean_5|adjusted_rating_lineup_mean_ewm|adjusted_rating_lineup_mean_std_5|adjusted_rating_lineup_mean_trend_1_5|adjusted_rating_lineup_std_across_starters_5|adjusted_shots_lineup_mean_1|adjusted_shots_lineup_mean_3|adjusted_shots_lineup_mean_5|adjusted_shots_lineup_mean_ewm|adjusted_shots_lineup_mean_std_5|adjusted_shots_lineup_mean_trend_1_5|adjusted_shots_lineup_std_across_starters_5|def_adjusted_defensive_actions_5|def_count|def_rating_mean_5|defensive_actions_per90_sum_5|fwd_adjusted_shots_5|fwd_count|fwd_rating_mean_5|gk_count|gk_rating_mean_5|gk_saves_per90_5|key_passes_per90_sum_5|mid_adjusted_key_passes_5|mid_count|mid_rating_mean_5|rating_lineup_max_5|rating_lineup_min_5|rating_lineup_std_across_starters_5|rating_lineup_top3_mean_5|rating_mean_5|recent_minutes_sum_5|shots_per90_sum_5|starters_without_full_window|starters_without_history,51,0.9951286425119168,0.9620814706274567,0.03304717188446007,0.019952513884810962,0,0.052083868523161714,0.013282809979600439,0.0269886945351927,legacy_player_form|opponent_adjusted_form|position_and_distribution,3
dixon_coles_player_form,opponent_adjusted_form + position_and_distribution + recency,adjusted_defensive_actions_lineup_mean_1|adjusted_defensive_actions_lineup_mean_3|adjusted_defensive_actions_lineup_mean_5|adjusted_defensive_actions_lineup_mean_ewm|adjusted_defensive_actions_lineup_mean_std_5|adjusted_defensive_actions_lineup_mean_trend_1_5|adjusted_defensive_actions_lineup_std_across_starters_5|adjusted_key_passes_lineup_mean_1|adjusted_key_passes_lineup_mean_3|adjusted_key_passes_lineup_mean_5|adjusted_key_passes_lineup_mean_ewm|adjusted_key_passes_lineup_mean_std_5|adjusted_key_passes_lineup_mean_trend_1_5|adjusted_key_passes_lineup_std_across_starters_5|adjusted_rating_lineup_mean_1|adjusted_rating_lineup_mean_3|adjusted_rating_lineup_mean_5|adjusted_rating_lineup_mean_ewm|adjusted_rating_lineup_mean_std_5|adjusted_rating_lineup_mean_trend_1_5|adjusted_rating_lineup_std_across_starters_5|adjusted_shots_lineup_mean_1|adjusted_shots_lineup_mean_3|adjusted_shots_lineup_mean_5|adjusted_shots_lineup_mean_ewm|adjusted_shots_lineup_mean_std_5|adjusted_shots_lineup_mean_trend_1_5|adjusted_shots_lineup_std_across_starters_5|def_adjusted_defensive_actions_5|def_count|def_rating_mean_5|defensive_actions_per90_lineup_mean_1|defensive_actions_per90_lineup_mean_3|defensive_actions_per90_lineup_mean_ewm|defensive_actions_per90_lineup_mean_trend_1_5|fwd_adjusted_shots_5|fwd_count|fwd_rating_mean_5|gk_count|gk_rating_mean_5|gk_saves_per90_5|key_passes_per90_lineup_mean_1|key_passes_per90_lineup_mean_3|key_passes_per90_lineup_mean_ewm|key_passes_per90_lineup_mean_trend_1_5|mid_adjusted_key_passes_5|mid_count|mid_rating_mean_5|rating_lineup_max_5|rating_lineup_mean_1|rating_lineup_mean_3|rating_lineup_mean_ewm|rating_lineup_mean_std_5|rating_lineup_mean_trend_1_5|rating_lineup_min_5|rating_lineup_std_across_starters_5|rating_lineup_top3_mean_5|shots_per90_lineup_mean_1|shots_per90_lineup_mean_3|shots_per90_lineup_mean_ewm|shots_per90_lineup_mean_trend_1_5,61,0.9956894345202226,0.9620814706274567,0.03360796389276577,0.02014963849459408,0,0.05355854590689624,0.013673810332510696,0.028332007544132613,opponent_adjusted_form|position_and_distribution|recency,3
dixon_coles_player_form,legacy_player_form + opponent_adjusted_form + lineup_continuity + position_and_distribution,adjusted_defensive_actions_lineup_mean_1|adjusted_defensive_actions_lineup_mean_3|adjusted_defensive_actions_lineup_mean_5|adjusted_defensive_actions_lineup_mean_ewm|adjusted_defensive_actions_lineup_mean_std_5|adjusted_defensive_actions_lineup_mean_trend_1_5|adjusted_defensive_actions_lineup_std_across_starters_5|adjusted_key_passes_lineup_mean_1|adjusted_key_passes_lineup_mean_3|adjusted_key_passes_lineup_mean_5|adjusted_key_passes_lineup_mean_ewm|adjusted_key_passes_lineup_mean_std_5|adjusted_key_passes_lineup_mean_trend_1_5|adjusted_key_passes_lineup_std_across_starters_5|adjusted_rating_lineup_mean_1|adjusted_rating_lineup_mean_3|adjusted_rating_lineup_mean_5|adjusted_rating_lineup_mean_ewm|adjusted_rating_lineup_mean_std_5|adjusted_rating_lineup_mean_trend_1_5|adjusted_rating_lineup_std_across_starters_5|adjusted_shots_lineup_mean_1|adjusted_shots_lineup_mean_3|adjusted_shots_lineup_mean_5|adjusted_shots_lineup_mean_ewm|adjusted_shots_lineup_mean_std_5|adjusted_shots_lineup_mean_trend_1_5|adjusted_shots_lineup_std_across_starters_5|def_adjusted_defensive_actions_5|def_count|def_rating_mean_5|defensive_actions_per90_sum_5|fwd_adjusted_shots_5|fwd_count|fwd_rating_mean_5|gk_count|gk_rating_mean_5|gk_saves_per90_5|key_passes_per90_sum_5|mean_pairwise_prior_minutes|mean_pairwise_prior_starts|mid_adjusted_key_passes_5|mid_count|mid_rating_mean_5|missing_regular_starters|new_player_pairs|new_starters|rating_lineup_max_5|rating_lineup_min_5|rating_lineup_std_across_starters_5|rating_lineup_top3_mean_5|rating_mean_5|recent_minutes_sum_5|replacement_quality|retained_starters|shots_per90_sum_5|starters_without_full_window|starters_without_history,58,0.9965830605091224,0.9620814706274567,0.03450158988166559,0.020016340540845556,0,0.0522715525938281,0.013028579896602943,0.028212503318597152,legacy_player_form|opponent_adjusted_form|lineup_continuity|position_and_distribution,4
dixon_coles_player_form,legacy_player_form + opponent_adjusted_form + position_and_distribution + recency,adjusted_defensive_actions_lineup_mean_1|adjusted_defensive_actions_lineup_mean_3|adjusted_defensive_actions_lineup_mean_5|adjusted_defensive_actions_lineup_mean_ewm|adjusted_defensive_actions_lineup_mean_std_5|adjusted_defensive_actions_lineup_mean_trend_1_5|adjusted_defensive_actions_lineup_std_across_starters_5|adjusted_key_passes_lineup_mean_1|adjusted_key_passes_lineup_mean_3|adjusted_key_passes_lineup_mean_5|adjusted_key_passes_lineup_mean_ewm|adjusted_key_passes_lineup_mean_std_5|adjusted_key_passes_lineup_mean_trend_1_5|adjusted_key_passes_lineup_std_across_starters_5|adjusted_rating_lineup_mean_1|adjusted_rating_lineup_mean_3|adjusted_rating_lineup_mean_5|adjusted_rating_lineup_mean_ewm|adjusted_rating_lineup_mean_std_5|adjusted_rating_lineup_mean_trend_1_5|adjusted_rating_lineup_std_across_starters_5|adjusted_shots_lineup_mean_1|adjusted_shots_lineup_mean_3|adjusted_shots_lineup_mean_5|adjusted_shots_lineup_mean_ewm|adjusted_shots_lineup_mean_std_5|adjusted_shots_lineup_mean_trend_1_5|adjusted_shots_lineup_std_across_starters_5|def_adjusted_defensive_actions_5|def_count|def_rating_mean_5|defensive_actions_per90_lineup_mean_1|defensive_actions_per90_lineup_mean_3|defensive_actions_per90_lineup_mean_ewm|defensive_actions_per90_lineup_mean_trend_1_5|defensive_actions_per90_sum_5|fwd_adjusted_shots_5|fwd_count|fwd_rating_mean_5|gk_count|gk_rating_mean_5|gk_saves_per90_5|key_passes_per90_lineup_mean_1|key_passes_per90_lineup_mean_3|key_passes_per90_lineup_mean_ewm|key_passes_per90_lineup_mean_trend_1_5|key_passes_per90_sum_5|mid_adjusted_key_passes_5|mid_count|mid_rating_mean_5|rating_lineup_max_5|rating_lineup_mean_1|rating_lineup_mean_3|rating_lineup_mean_ewm|rating_lineup_mean_std_5|rating_lineup_mean_trend_1_5|rating_lineup_min_5|rating_lineup_std_across_starters_5|rating_lineup_top3_mean_5|rating_mean_5|recent_minutes_sum_5|shots_per90_lineup_mean_1|shots_per90_lineup_mean_3|shots_per90_lineup_mean_ewm|shots_per90_lineup_mean_trend_1_5|shots_per90_sum_5|starters_without_full_window|starters_without_history,68,0.9979556471235842,0.9620814706274567,0.03587417649612747,0.021314068900078587,0,0.055258397130238945,0.014346389569927648,0.0277587392455881,legacy_player_form|opponent_adjusted_form|position_and_distribution|recency,4
dixon_coles_player_form,opponent_adjusted_form + lineup_continuity + position_and_distribution + recency,adjusted_defensive_actions_lineup_mean_1|adjusted_defensive_actions_lineup_mean_3|adjusted_defensive_actions_lineup_mean_5|adjusted_defensive_actions_lineup_mean_ewm|adjusted_defensive_actions_lineup_mean_std_5|adjusted_defensive_actions_lineup_mean_trend_1_5|adjusted_defensive_actions_lineup_std_across_starters_5|adjusted_key_passes_lineup_mean_1|adjusted_key_passes_lineup_mean_3|adjusted_key_passes_lineup_mean_5|adjusted_key_passes_lineup_mean_ewm|adjusted_key_passes_lineup_mean_std_5|adjusted_key_passes_lineup_mean_trend_1_5|adjusted_key_passes_lineup_std_across_starters_5|adjusted_rating_lineup_mean_1|adjusted_rating_lineup_mean_3|adjusted_rating_lineup_mean_5|adjusted_rating_lineup_mean_ewm|adjusted_rating_lineup_mean_std_5|adjusted_rating_lineup_mean_trend_1_5|adjusted_rating_lineup_std_across_starters_5|adjusted_shots_lineup_mean_1|adjusted_shots_lineup_mean_3|adjusted_shots_lineup_mean_5|adjusted_shots_lineup_mean_ewm|adjusted_shots_lineup_mean_std_5|adjusted_shots_lineup_mean_trend_1_5|adjusted_shots_lineup_std_across_starters_5|def_adjusted_defensive_actions_5|def_count|def_rating_mean_5|defensive_actions_per90_lineup_mean_1|defensive_actions_per90_lineup_mean_3|defensive_actions_per90_lineup_mean_ewm|defensive_actions_per90_lineup_mean_trend_1_5|fwd_adjusted_shots_5|fwd_count|fwd_rating_mean_5|gk_count|gk_rating_mean_5|gk_saves_per90_5|key_passes_per90_lineup_mean_1|key_passes_per90_lineup_mean_3|key_passes_per90_lineup_mean_ewm|key_passes_per90_lineup_mean_trend_1_5|mean_pairwise_prior_minutes|mean_pairwise_prior_starts|mid_adjusted_key_passes_5|mid_count|mid_rating_mean_5|missing_regular_starters|new_player_pairs|new_starters|rating_lineup_max_5|rating_lineup_mean_1|rating_lineup_mean_3|rating_lineup_mean_ewm|rating_lineup_mean_std_5|rating_lineup_mean_trend_1_5|rating_lineup_min_5|rating_lineup_std_across_starters_5|rating_lineup_top3_mean_5|replacement_quality|retained_starters|shots_per90_lineup_mean_1|shots_per90_lineup_mean_3|shots_per90_lineup_mean_ewm|shots_per90_lineup_mean_trend_1_5,68,0.9980111979063777,0.9620814706274567,0.035929727278920895,0.020338060101424693,0,0.06084666726314791,0.01569331559729049,0.030112634298017107,opponent_adjusted_form|lineup_continuity|position_and_distribution|recency,4
dixon_coles_player_form,legacy_player_form + opponent_adjusted_form + lineup_continuity + position_and_distribution + recency,adjusted_defensive_actions_lineup_mean_1|adjusted_defensive_actions_lineup_mean_3|adjusted_defensive_actions_lineup_mean_5|adjusted_defensive_actions_lineup_mean_ewm|adjusted_defensive_actions_lineup_mean_std_5|adjusted_defensive_actions_lineup_mean_trend_1_5|adjusted_defensive_actions_lineup_std_across_starters_5|adjusted_key_passes_lineup_mean_1|adjusted_key_passes_lineup_mean_3|adjusted_key_passes_lineup_mean_5|adjusted_key_passes_lineup_mean_ewm|adjusted_key_passes_lineup_mean_std_5|adjusted_key_passes_lineup_mean_trend_1_5|adjusted_key_passes_lineup_std_across_starters_5|adjusted_rating_lineup_mean_1|adjusted_rating_lineup_mean_3|adjusted_rating_lineup_mean_5|adjusted_rating_lineup_mean_ewm|adjusted_rating_lineup_mean_std_5|adjusted_rating_lineup_mean_trend_1_5|adjusted_rating_lineup_std_across_starters_5|adjusted_shots_lineup_mean_1|adjusted_shots_lineup_mean_3|adjusted_shots_lineup_mean_5|adjusted_shots_lineup_mean_ewm|adjusted_shots_lineup_mean_std_5|adjusted_shots_lineup_mean_trend_1_5|adjusted_shots_lineup_std_across_starters_5|def_adjusted_defensive_actions_5|def_count|def_rating_mean_5|defensive_actions_per90_lineup_mean_1|defensive_actions_per90_lineup_mean_3|defensive_actions_per90_lineup_mean_ewm|defensive_actions_per90_lineup_mean_trend_1_5|defensive_actions_per90_sum_5|fwd_adjusted_shots_5|fwd_count|fwd_rating_mean_5|gk_count|gk_rating_mean_5|gk_saves_per90_5|key_passes_per90_lineup_mean_1|key_passes_per90_lineup_mean_3|key_passes_per90_lineup_mean_ewm|key_passes_per90_lineup_mean_trend_1_5|key_passes_per90_sum_5|mean_pairwise_prior_minutes|mean_pairwise_prior_starts|mid_adjusted_key_passes_5|mid_count|mid_rating_mean_5|missing_regular_starters|new_player_pairs|new_starters|rating_lineup_max_5|rating_lineup_mean_1|rating_lineup_mean_3|rating_lineup_mean_ewm|rating_lineup_mean_std_5|rating_lineup_mean_trend_1_5|rating_lineup_min_5|rating_lineup_std_across_starters_5|rating_lineup_top3_mean_5|rating_mean_5|recent_minutes_sum_5|replacement_quality|retained_starters|shots_per90_lineup_mean_1|shots_per90_lineup_mean_3|shots_per90_lineup_mean_ewm|shots_per90_lineup_mean_trend_1_5|shots_per90_sum_5|starters_without_full_window|starters_without_history,75,1.0002592498196243,0.9620814706274567,0.03817777919216747,0.021771841095137523,0,0.058252433382634194,0.015258396207023796,0.0304199021168252,legacy_player_form|opponent_adjusted_form|lineup_continuity|position_and_distribution|recency,5
dixon_coles_player_form,team_strength + lineup_continuity,attack_goal_rate_ewm|defence_goal_rate_ewm|elo_difference|elo_expected_result|elo_rating|expected_goals_strength|mean_pairwise_prior_minutes|mean_pairwise_prior_starts|missing_regular_starters|new_player_pairs|new_starters|opponent_elo_rating|prior_team_matches|replacement_quality|retained_starters,15,1.0302196735429985,0.9620814706274567,0.0681382029155417,0.03322231028537104,1,0.13814990061976706,0.05507929609192901,0.11648092142310912,team_strength|lineup_continuity,2
dixon_coles_player_form,legacy_player_form + team_strength + lineup_continuity,attack_goal_rate_ewm|defence_goal_rate_ewm|defensive_actions_per90_sum_5|elo_difference|elo_expected_result|elo_rating|expected_goals_strength|key_passes_per90_sum_5|mean_pairwise_prior_minutes|mean_pairwise_prior_starts|missing_regular_starters|new_player_pairs|new_starters|opponent_elo_rating|prior_team_matches|rating_mean_5|recent_minutes_sum_5|replacement_quality|retained_starters|shots_per90_sum_5|starters_without_full_window|starters_without_history,22,1.0350361510449113,0.9620814706274567,0.07295468041745456,0.033586216577169384,1,0.12313864084413284,0.05320030706191223,0.10546253348667693,legacy_player_form|team_strength|lineup_continuity,3
dixon_coles_player_form,legacy_player_form + team_strength,attack_goal_rate_ewm|defence_goal_rate_ewm|defensive_actions_per90_sum_5|elo_difference|elo_expected_result|elo_rating|expected_goals_strength|key_passes_per90_sum_5|opponent_elo_rating|prior_team_matches|rating_mean_5|recent_minutes_sum_5|shots_per90_sum_5|starters_without_full_window|starters_without_history,15,1.0433277234468563,0.9620814706274567,0.0812462528193996,0.03676261085208994,0,0.15150692920354758,0.055964087091104356,0.11867503085713853,legacy_player_form|team_strength,2
dixon_coles_player_form,team_strength + lineup_continuity + position_and_distribution,adjusted_defensive_actions_lineup_std_across_starters_5|adjusted_key_passes_lineup_std_across_starters_5|adjusted_rating_lineup_std_across_starters_5|adjusted_shots_lineup_std_across_starters_5|attack_goal_rate_ewm|def_adjusted_defensive_actions_5|def_count|def_rating_mean_5|defence_goal_rate_ewm|elo_difference|elo_expected_result|elo_rating|expected_goals_strength|fwd_adjusted_shots_5|fwd_count|fwd_rating_mean_5|gk_count|gk_rating_mean_5|gk_saves_per90_5|mean_pairwise_prior_minutes|mean_pairwise_prior_starts|mid_adjusted_key_passes_5|mid_count|mid_rating_mean_5|missing_regular_starters|new_player_pairs|new_starters|opponent_elo_rating|prior_team_matches|rating_lineup_max_5|rating_lineup_min_5|rating_lineup_std_across_starters_5|rating_lineup_top3_mean_5|replacement_quality|retained_starters,35,1.052637341991029,0.9620814706274567,0.09055587136357231,0.04227666661989009,0,0.16338872758382017,0.059549800636916964,0.12577270324033304,team_strength|lineup_continuity|position_and_distribution,3
dixon_coles_player_form,legacy_player_form + team_strength + lineup_continuity + position_and_distribution,adjusted_defensive_actions_lineup_std_across_starters_5|adjusted_key_passes_lineup_std_across_starters_5|adjusted_rating_lineup_std_across_starters_5|adjusted_shots_lineup_std_across_starters_5|attack_goal_rate_ewm|def_adjusted_defensive_actions_5|def_count|def_rating_mean_5|defence_goal_rate_ewm|defensive_actions_per90_sum_5|elo_difference|elo_expected_result|elo_rating|expected_goals_strength|fwd_adjusted_shots_5|fwd_count|fwd_rating_mean_5|gk_count|gk_rating_mean_5|gk_saves_per90_5|key_passes_per90_sum_5|mean_pairwise_prior_minutes|mean_pairwise_prior_starts|mid_adjusted_key_passes_5|mid_count|mid_rating_mean_5|missing_regular_starters|new_player_pairs|new_starters|opponent_elo_rating|prior_team_matches|rating_lineup_max_5|rating_lineup_min_5|rating_lineup_std_across_starters_5|rating_lineup_top3_mean_5|rating_mean_5|recent_minutes_sum_5|replacement_quality|retained_starters|shots_per90_sum_5|starters_without_full_window|starters_without_history,42,1.0530495771813921,0.9620814706274567,0.09096810655393547,0.044839938235736045,0,0.1464483551090905,0.04356446827257519,0.10117148852079588,legacy_player_form|team_strength|lineup_continuity|position_and_distribution,4
dixon_coles_player_form,team_strength,attack_goal_rate_ewm|defence_goal_rate_ewm|elo_difference|elo_expected_result|elo_rating|expected_goals_strength|opponent_elo_rating|prior_team_matches,8,1.0543703485313225,0.9620814706274567,0.09228887790386571,0.04141626725590568,0,0.16661196072134343,0.050589404834216194,0.13276426819749426,team_strength,1
dixon_coles_player_form,legacy_player_form + team_strength + position_and_distribution,adjusted_defensive_actions_lineup_std_across_starters_5|adjusted_key_passes_lineup_std_across_starters_5|adjusted_rating_lineup_std_across_starters_5|adjusted_shots_lineup_std_across_starters_5|attack_goal_rate_ewm|def_adjusted_defensive_actions_5|def_count|def_rating_mean_5|defence_goal_rate_ewm|defensive_actions_per90_sum_5|elo_difference|elo_expected_result|elo_rating|expected_goals_strength|fwd_adjusted_shots_5|fwd_count|fwd_rating_mean_5|gk_count|gk_rating_mean_5|gk_saves_per90_5|key_passes_per90_sum_5|mid_adjusted_key_passes_5|mid_count|mid_rating_mean_5|opponent_elo_rating|prior_team_matches|rating_lineup_max_5|rating_lineup_min_5|rating_lineup_std_across_starters_5|rating_lineup_top3_mean_5|rating_mean_5|recent_minutes_sum_5|shots_per90_sum_5|starters_without_full_window|starters_without_history,35,1.0578987445724577,0.9620814706274567,0.0958172739450009,0.04655361506616869,0,0.15904988051476598,0.0579356587638997,0.12062226291901755,legacy_player_form|team_strength|position_and_distribution,3
dixon_coles_player_form,team_strength + position_and_distribution,adjusted_defensive_actions_lineup_std_across_starters_5|adjusted_key_passes_lineup_std_across_starters_5|adjusted_rating_lineup_std_across_starters_5|adjusted_shots_lineup_std_across_starters_5|attack_goal_rate_ewm|def_adjusted_defensive_actions_5|def_count|def_rating_mean_5|defence_goal_rate_ewm|elo_difference|elo_expected_result|elo_rating|expected_goals_strength|fwd_adjusted_shots_5|fwd_count|fwd_rating_mean_5|gk_count|gk_rating_mean_5|gk_saves_per90_5|mid_adjusted_key_passes_5|mid_count|mid_rating_mean_5|opponent_elo_rating|prior_team_matches|rating_lineup_max_5|rating_lineup_min_5|rating_lineup_std_across_starters_5|rating_lineup_top3_mean_5,28,1.0620942784801808,0.9620814706274567,0.1000128078527239,0.04771422126141909,0,0.17124067914948693,0.05497591999346026,0.12337820832768098,team_strength|position_and_distribution,2
dixon_coles_player_form,legacy_player_form + team_strength + lineup_continuity + recency,attack_goal_rate_ewm|defence_goal_rate_ewm|defensive_actions_per90_lineup_mean_1|defensive_actions_per90_lineup_mean_3|defensive_actions_per90_lineup_mean_ewm|defensive_actions_per90_lineup_mean_trend_1_5|defensive_actions_per90_sum_5|elo_difference|elo_expected_result|elo_rating|expected_goals_strength|key_passes_per90_lineup_mean_1|key_passes_per90_lineup_mean_3|key_passes_per90_lineup_mean_ewm|key_passes_per90_lineup_mean_trend_1_5|key_passes_per90_sum_5|mean_pairwise_prior_minutes|mean_pairwise_prior_starts|missing_regular_starters|new_player_pairs|new_starters|opponent_elo_rating|prior_team_matches|rating_lineup_mean_1|rating_lineup_mean_3|rating_lineup_mean_ewm|rating_lineup_mean_std_5|rating_lineup_mean_trend_1_5|rating_mean_5|recent_minutes_sum_5|replacement_quality|retained_starters|shots_per90_lineup_mean_1|shots_per90_lineup_mean_3|shots_per90_lineup_mean_ewm|shots_per90_lineup_mean_trend_1_5|shots_per90_sum_5|starters_without_full_window|starters_without_history,39,1.0645675811302973,0.9620814706274567,0.10248611050284043,0.04648499054883402,0,0.17563624685799484,0.05064920911737541,0.11742886151996362,legacy_player_form|team_strength|lineup_continuity|recency,4
dixon_coles_player_form,team_strength + lineup_continuity + recency,attack_goal_rate_ewm|defence_goal_rate_ewm|defensive_actions_per90_lineup_mean_1|defensive_actions_per90_lineup_mean_3|defensive_actions_per90_lineup_mean_ewm|defensive_actions_per90_lineup_mean_trend_1_5|elo_difference|elo_expected_result|elo_rating|expected_goals_strength|key_passes_per90_lineup_mean_1|key_passes_per90_lineup_mean_3|key_passes_per90_lineup_mean_ewm|key_passes_per90_lineup_mean_trend_1_5|mean_pairwise_prior_minutes|mean_pairwise_prior_starts|missing_regular_starters|new_player_pairs|new_starters|opponent_elo_rating|prior_team_matches|rating_lineup_mean_1|rating_lineup_mean_3|rating_lineup_mean_ewm|rating_lineup_mean_std_5|rating_lineup_mean_trend_1_5|replacement_quality|retained_starters|shots_per90_lineup_mean_1|shots_per90_lineup_mean_3|shots_per90_lineup_mean_ewm|shots_per90_lineup_mean_trend_1_5,32,1.065353250090554,0.9620814706274567,0.1032717794630974,0.046093501824883455,0,0.16880711169920914,0.051935578032203514,0.12941468191865324,team_strength|lineup_continuity|recency,3
dixon_coles_player_form,team_strength + opponent_adjusted_form + lineup_continuity + recency,adjusted_defensive_actions_lineup_mean_1|adjusted_defensive_actions_lineup_mean_3|adjusted_defensive_actions_lineup_mean_5|adjusted_defensive_actions_lineup_mean_ewm|adjusted_defensive_actions_lineup_mean_std_5|adjusted_defensive_actions_lineup_mean_trend_1_5|adjusted_key_passes_lineup_mean_1|adjusted_key_passes_lineup_mean_3|adjusted_key_passes_lineup_mean_5|adjusted_key_passes_lineup_mean_ewm|adjusted_key_passes_lineup_mean_std_5|adjusted_key_passes_lineup_mean_trend_1_5|adjusted_rating_lineup_mean_1|adjusted_rating_lineup_mean_3|adjusted_rating_lineup_mean_5|adjusted_rating_lineup_mean_ewm|adjusted_rating_lineup_mean_std_5|adjusted_rating_lineup_mean_trend_1_5|adjusted_shots_lineup_mean_1|adjusted_shots_lineup_mean_3|adjusted_shots_lineup_mean_5|adjusted_shots_lineup_mean_ewm|adjusted_shots_lineup_mean_std_5|adjusted_shots_lineup_mean_trend_1_5|attack_goal_rate_ewm|defence_goal_rate_ewm|defensive_actions_per90_lineup_mean_1|defensive_actions_per90_lineup_mean_3|defensive_actions_per90_lineup_mean_ewm|defensive_actions_per90_lineup_mean_trend_1_5|elo_difference|elo_expected_result|elo_rating|expected_goals_strength|key_passes_per90_lineup_mean_1|key_passes_per90_lineup_mean_3|key_passes_per90_lineup_mean_ewm|key_passes_per90_lineup_mean_trend_1_5|mean_pairwise_prior_minutes|mean_pairwise_prior_starts|missing_regular_starters|new_player_pairs|new_starters|opponent_elo_rating|prior_team_matches|rating_lineup_mean_1|rating_lineup_mean_3|rating_lineup_mean_ewm|rating_lineup_mean_std_5|rating_lineup_mean_trend_1_5|replacement_quality|retained_starters|shots_per90_lineup_mean_1|shots_per90_lineup_mean_3|shots_per90_lineup_mean_ewm|shots_per90_lineup_mean_trend_1_5,56,1.0684916905144377,0.9620814706274567,0.106410219886981,0.04601092606437977,0,0.22743935579982244,0.0658335682671526,0.16195186152863736,team_strength|opponent_adjusted_form|lineup_continuity|recency,4
dixon_coles_player_form,legacy_player_form + team_strength + recency,attack_goal_rate_ewm|defence_goal_rate_ewm|defensive_actions_per90_lineup_mean_1|defensive_actions_per90_lineup_mean_3|defensive_actions_per90_lineup_mean_ewm|defensive_actions_per90_lineup_mean_trend_1_5|defensive_actions_per90_sum_5|elo_difference|elo_expected_result|elo_rating|expected_goals_strength|key_passes_per90_lineup_mean_1|key_passes_per90_lineup_mean_3|key_passes_per90_lineup_mean_ewm|key_passes_per90_lineup_mean_trend_1_5|key_passes_per90_sum_5|opponent_elo_rating|prior_team_matches|rating_lineup_mean_1|rating_lineup_mean_3|rating_lineup_mean_ewm|rating_lineup_mean_std_5|rating_lineup_mean_trend_1_5|rating_mean_5|recent_minutes_sum_5|shots_per90_lineup_mean_1|shots_per90_lineup_mean_3|shots_per90_lineup_mean_ewm|shots_per90_lineup_mean_trend_1_5|shots_per90_sum_5|starters_without_full_window|starters_without_history,32,1.0696153211224193,0.9620814706274567,0.10753385049496242,0.046611687909897406,0,0.19219293803765858,0.04917883789216651,0.14292547748485945,legacy_player_form|team_strength|recency,3
dixon_coles_player_form,legacy_player_form + team_strength + opponent_adjusted_form + lineup_continuity + recency,adjusted_defensive_actions_lineup_mean_1|adjusted_defensive_actions_lineup_mean_3|adjusted_defensive_actions_lineup_mean_5|adjusted_defensive_actions_lineup_mean_ewm|adjusted_defensive_actions_lineup_mean_std_5|adjusted_defensive_actions_lineup_mean_trend_1_5|adjusted_key_passes_lineup_mean_1|adjusted_key_passes_lineup_mean_3|adjusted_key_passes_lineup_mean_5|adjusted_key_passes_lineup_mean_ewm|adjusted_key_passes_lineup_mean_std_5|adjusted_key_passes_lineup_mean_trend_1_5|adjusted_rating_lineup_mean_1|adjusted_rating_lineup_mean_3|adjusted_rating_lineup_mean_5|adjusted_rating_lineup_mean_ewm|adjusted_rating_lineup_mean_std_5|adjusted_rating_lineup_mean_trend_1_5|adjusted_shots_lineup_mean_1|adjusted_shots_lineup_mean_3|adjusted_shots_lineup_mean_5|adjusted_shots_lineup_mean_ewm|adjusted_shots_lineup_mean_std_5|adjusted_shots_lineup_mean_trend_1_5|attack_goal_rate_ewm|defence_goal_rate_ewm|defensive_actions_per90_lineup_mean_1|defensive_actions_per90_lineup_mean_3|defensive_actions_per90_lineup_mean_ewm|defensive_actions_per90_lineup_mean_trend_1_5|defensive_actions_per90_sum_5|elo_difference|elo_expected_result|elo_rating|expected_goals_strength|key_passes_per90_lineup_mean_1|key_passes_per90_lineup_mean_3|key_passes_per90_lineup_mean_ewm|key_passes_per90_lineup_mean_trend_1_5|key_passes_per90_sum_5|mean_pairwise_prior_minutes|mean_pairwise_prior_starts|missing_regular_starters|new_player_pairs|new_starters|opponent_elo_rating|prior_team_matches|rating_lineup_mean_1|rating_lineup_mean_3|rating_lineup_mean_ewm|rating_lineup_mean_std_5|rating_lineup_mean_trend_1_5|rating_mean_5|recent_minutes_sum_5|replacement_quality|retained_starters|shots_per90_lineup_mean_1|shots_per90_lineup_mean_3|shots_per90_lineup_mean_ewm|shots_per90_lineup_mean_trend_1_5|shots_per90_sum_5|starters_without_full_window|starters_without_history,63,1.0720181265057096,0.9620814706274567,0.10993665587825294,0.04592955453809511,0,0.2515546521522425,0.07555529594984954,0.1761513547346014,legacy_player_form|team_strength|opponent_adjusted_form|lineup_continuity|recency,5
dixon_coles_player_form,team_strength + opponent_adjusted_form + recency,adjusted_defensive_actions_lineup_mean_1|adjusted_defensive_actions_lineup_mean_3|adjusted_defensive_actions_lineup_mean_5|adjusted_defensive_actions_lineup_mean_ewm|adjusted_defensive_actions_lineup_mean_std_5|adjusted_defensive_actions_lineup_mean_trend_1_5|adjusted_key_passes_lineup_mean_1|adjusted_key_passes_lineup_mean_3|adjusted_key_passes_lineup_mean_5|adjusted_key_passes_lineup_mean_ewm|adjusted_key_passes_lineup_mean_std_5|adjusted_key_passes_lineup_mean_trend_1_5|adjusted_rating_lineup_mean_1|adjusted_rating_lineup_mean_3|adjusted_rating_lineup_mean_5|adjusted_rating_lineup_mean_ewm|adjusted_rating_lineup_mean_std_5|adjusted_rating_lineup_mean_trend_1_5|adjusted_shots_lineup_mean_1|adjusted_shots_lineup_mean_3|adjusted_shots_lineup_mean_5|adjusted_shots_lineup_mean_ewm|adjusted_shots_lineup_mean_std_5|adjusted_shots_lineup_mean_trend_1_5|attack_goal_rate_ewm|defence_goal_rate_ewm|defensive_actions_per90_lineup_mean_1|defensive_actions_per90_lineup_mean_3|defensive_actions_per90_lineup_mean_ewm|defensive_actions_per90_lineup_mean_trend_1_5|elo_difference|elo_expected_result|elo_rating|expected_goals_strength|key_passes_per90_lineup_mean_1|key_passes_per90_lineup_mean_3|key_passes_per90_lineup_mean_ewm|key_passes_per90_lineup_mean_trend_1_5|opponent_elo_rating|prior_team_matches|rating_lineup_mean_1|rating_lineup_mean_3|rating_lineup_mean_ewm|rating_lineup_mean_std_5|rating_lineup_mean_trend_1_5|shots_per90_lineup_mean_1|shots_per90_lineup_mean_3|shots_per90_lineup_mean_ewm|shots_per90_lineup_mean_trend_1_5,49,1.0753058102713704,0.9620814706274567,0.1132243396439137,0.04694071629970007,0,0.2352333457626017,0.06382957396305583,0.1715859169037633,team_strength|opponent_adjusted_form|recency,3
dixon_coles_player_form,team_strength + recency,attack_goal_rate_ewm|defence_goal_rate_ewm|defensive_actions_per90_lineup_mean_1|defensive_actions_per90_lineup_mean_3|defensive_actions_per90_lineup_mean_ewm|defensive_actions_per90_lineup_mean_trend_1_5|elo_difference|elo_expected_result|elo_rating|expected_goals_strength|key_passes_per90_lineup_mean_1|key_passes_per90_lineup_mean_3|key_passes_per90_lineup_mean_ewm|key_passes_per90_lineup_mean_trend_1_5|opponent_elo_rating|prior_team_matches|rating_lineup_mean_1|rating_lineup_mean_3|rating_lineup_mean_ewm|rating_lineup_mean_std_5|rating_lineup_mean_trend_1_5|shots_per90_lineup_mean_1|shots_per90_lineup_mean_3|shots_per90_lineup_mean_ewm|shots_per90_lineup_mean_trend_1_5,25,1.0757912513240522,0.9620814706274567,0.11370978069659529,0.04669813021195231,0,0.19623787465119835,0.05207824787760691,0.15786820315821515,team_strength|recency,2
dixon_coles_player_form,legacy_player_form + team_strength + lineup_continuity + position_and_distribution + recency,adjusted_defensive_actions_lineup_std_across_starters_5|adjusted_key_passes_lineup_std_across_starters_5|adjusted_rating_lineup_std_across_starters_5|adjusted_shots_lineup_std_across_starters_5|attack_goal_rate_ewm|def_adjusted_defensive_actions_5|def_count|def_rating_mean_5|defence_goal_rate_ewm|defensive_actions_per90_lineup_mean_1|defensive_actions_per90_lineup_mean_3|defensive_actions_per90_lineup_mean_ewm|defensive_actions_per90_lineup_mean_trend_1_5|defensive_actions_per90_sum_5|elo_difference|elo_expected_result|elo_rating|expected_goals_strength|fwd_adjusted_shots_5|fwd_count|fwd_rating_mean_5|gk_count|gk_rating_mean_5|gk_saves_per90_5|key_passes_per90_lineup_mean_1|key_passes_per90_lineup_mean_3|key_passes_per90_lineup_mean_ewm|key_passes_per90_lineup_mean_trend_1_5|key_passes_per90_sum_5|mean_pairwise_prior_minutes|mean_pairwise_prior_starts|mid_adjusted_key_passes_5|mid_count|mid_rating_mean_5|missing_regular_starters|new_player_pairs|new_starters|opponent_elo_rating|prior_team_matches|rating_lineup_max_5|rating_lineup_mean_1|rating_lineup_mean_3|rating_lineup_mean_ewm|rating_lineup_mean_std_5|rating_lineup_mean_trend_1_5|rating_lineup_min_5|rating_lineup_std_across_starters_5|rating_lineup_top3_mean_5|rating_mean_5|recent_minutes_sum_5|replacement_quality|retained_starters|shots_per90_lineup_mean_1|shots_per90_lineup_mean_3|shots_per90_lineup_mean_ewm|shots_per90_lineup_mean_trend_1_5|shots_per90_sum_5|starters_without_full_window|starters_without_history,59,1.0759217871272984,0.9620814706274567,0.11384031649984157,0.054886661753465814,0,0.19800956130574887,0.06021626423889302,0.10900310729925262,legacy_player_form|team_strength|lineup_continuity|position_and_distribution|recency,5
dixon_coles_player_form,legacy_player_form + team_strength + opponent_adjusted_form + recency,adjusted_defensive_actions_lineup_mean_1|adjusted_defensive_actions_lineup_mean_3|adjusted_defensive_actions_lineup_mean_5|adjusted_defensive_actions_lineup_mean_ewm|adjusted_defensive_actions_lineup_mean_std_5|adjusted_defensive_actions_lineup_mean_trend_1_5|adjusted_key_passes_lineup_mean_1|adjusted_key_passes_lineup_mean_3|adjusted_key_passes_lineup_mean_5|adjusted_key_passes_lineup_mean_ewm|adjusted_key_passes_lineup_mean_std_5|adjusted_key_passes_lineup_mean_trend_1_5|adjusted_rating_lineup_mean_1|adjusted_rating_lineup_mean_3|adjusted_rating_lineup_mean_5|adjusted_rating_lineup_mean_ewm|adjusted_rating_lineup_mean_std_5|adjusted_rating_lineup_mean_trend_1_5|adjusted_shots_lineup_mean_1|adjusted_shots_lineup_mean_3|adjusted_shots_lineup_mean_5|adjusted_shots_lineup_mean_ewm|adjusted_shots_lineup_mean_std_5|adjusted_shots_lineup_mean_trend_1_5|attack_goal_rate_ewm|defence_goal_rate_ewm|defensive_actions_per90_lineup_mean_1|defensive_actions_per90_lineup_mean_3|defensive_actions_per90_lineup_mean_ewm|defensive_actions_per90_lineup_mean_trend_1_5|defensive_actions_per90_sum_5|elo_difference|elo_expected_result|elo_rating|expected_goals_strength|key_passes_per90_lineup_mean_1|key_passes_per90_lineup_mean_3|key_passes_per90_lineup_mean_ewm|key_passes_per90_lineup_mean_trend_1_5|key_passes_per90_sum_5|opponent_elo_rating|prior_team_matches|rating_lineup_mean_1|rating_lineup_mean_3|rating_lineup_mean_ewm|rating_lineup_mean_std_5|rating_lineup_mean_trend_1_5|rating_mean_5|recent_minutes_sum_5|shots_per90_lineup_mean_1|shots_per90_lineup_mean_3|shots_per90_lineup_mean_ewm|shots_per90_lineup_mean_trend_1_5|shots_per90_sum_5|starters_without_full_window|starters_without_history,56,1.0786156220106846,0.9620814706274567,0.11653415138322773,0.047848123277365116,0,0.2718222384405342,0.0802920439796851,0.19323788372386233,legacy_player_form|team_strength|opponent_adjusted_form|recency,4
dixon_coles_player_form,legacy_player_form + team_strength + position_and_distribution + recency,adjusted_defensive_actions_lineup_std_across_starters_5|adjusted_key_passes_lineup_std_across_starters_5|adjusted_rating_lineup_std_across_starters_5|adjusted_shots_lineup_std_across_starters_5|attack_goal_rate_ewm|def_adjusted_defensive_actions_5|def_count|def_rating_mean_5|defence_goal_rate_ewm|defensive_actions_per90_lineup_mean_1|defensive_actions_per90_lineup_mean_3|defensive_actions_per90_lineup_mean_ewm|defensive_actions_per90_lineup_mean_trend_1_5|defensive_actions_per90_sum_5|elo_difference|elo_expected_result|elo_rating|expected_goals_strength|fwd_adjusted_shots_5|fwd_count|fwd_rating_mean_5|gk_count|gk_rating_mean_5|gk_saves_per90_5|key_passes_per90_lineup_mean_1|key_passes_per90_lineup_mean_3|key_passes_per90_lineup_mean_ewm|key_passes_per90_lineup_mean_trend_1_5|key_passes_per90_sum_5|mid_adjusted_key_passes_5|mid_count|mid_rating_mean_5|opponent_elo_rating|prior_team_matches|rating_lineup_max_5|rating_lineup_mean_1|rating_lineup_mean_3|rating_lineup_mean_ewm|rating_lineup_mean_std_5|rating_lineup_mean_trend_1_5|rating_lineup_min_5|rating_lineup_std_across_starters_5|rating_lineup_top3_mean_5|rating_mean_5|recent_minutes_sum_5|shots_per90_lineup_mean_1|shots_per90_lineup_mean_3|shots_per90_lineup_mean_ewm|shots_per90_lineup_mean_trend_1_5|shots_per90_sum_5|starters_without_full_window|starters_without_history,52,1.0863771385398038,0.9620814706274567,0.12429566791234703,0.059490244314316175,0,0.19480740892344572,0.056379040322654256,0.13605758892348702,legacy_player_form|team_strength|position_and_distribution|recency,4
dixon_coles_player_form,legacy_player_form + team_strength + opponent_adjusted_form + lineup_continuity,adjusted_defensive_actions_lineup_mean_1|adjusted_defensive_actions_lineup_mean_3|adjusted_defensive_actions_lineup_mean_5|adjusted_defensive_actions_lineup_mean_ewm|adjusted_defensive_actions_lineup_mean_std_5|adjusted_defensive_actions_lineup_mean_trend_1_5|adjusted_key_passes_lineup_mean_1|adjusted_key_passes_lineup_mean_3|adjusted_key_passes_lineup_mean_5|adjusted_key_passes_lineup_mean_ewm|adjusted_key_passes_lineup_mean_std_5|adjusted_key_passes_lineup_mean_trend_1_5|adjusted_rating_lineup_mean_1|adjusted_rating_lineup_mean_3|adjusted_rating_lineup_mean_5|adjusted_rating_lineup_mean_ewm|adjusted_rating_lineup_mean_std_5|adjusted_rating_lineup_mean_trend_1_5|adjusted_shots_lineup_mean_1|adjusted_shots_lineup_mean_3|adjusted_shots_lineup_mean_5|adjusted_shots_lineup_mean_ewm|adjusted_shots_lineup_mean_std_5|adjusted_shots_lineup_mean_trend_1_5|attack_goal_rate_ewm|defence_goal_rate_ewm|defensive_actions_per90_sum_5|elo_difference|elo_expected_result|elo_rating|expected_goals_strength|key_passes_per90_sum_5|mean_pairwise_prior_minutes|mean_pairwise_prior_starts|missing_regular_starters|new_player_pairs|new_starters|opponent_elo_rating|prior_team_matches|rating_mean_5|recent_minutes_sum_5|replacement_quality|retained_starters|shots_per90_sum_5|starters_without_full_window|starters_without_history,46,1.0869998906309795,0.9620814706274567,0.12491842000352264,0.0506105476086048,0,0.271788431709044,0.08026621938854663,0.18984502199366304,legacy_player_form|team_strength|opponent_adjusted_form|lineup_continuity,4
dixon_coles_player_form,legacy_player_form + team_strength + opponent_adjusted_form,adjusted_defensive_actions_lineup_mean_1|adjusted_defensive_actions_lineup_mean_3|adjusted_defensive_actions_lineup_mean_5|adjusted_defensive_actions_lineup_mean_ewm|adjusted_defensive_actions_lineup_mean_std_5|adjusted_defensive_actions_lineup_mean_trend_1_5|adjusted_key_passes_lineup_mean_1|adjusted_key_passes_lineup_mean_3|adjusted_key_passes_lineup_mean_5|adjusted_key_passes_lineup_mean_ewm|adjusted_key_passes_lineup_mean_std_5|adjusted_key_passes_lineup_mean_trend_1_5|adjusted_rating_lineup_mean_1|adjusted_rating_lineup_mean_3|adjusted_rating_lineup_mean_5|adjusted_rating_lineup_mean_ewm|adjusted_rating_lineup_mean_std_5|adjusted_rating_lineup_mean_trend_1_5|adjusted_shots_lineup_mean_1|adjusted_shots_lineup_mean_3|adjusted_shots_lineup_mean_5|adjusted_shots_lineup_mean_ewm|adjusted_shots_lineup_mean_std_5|adjusted_shots_lineup_mean_trend_1_5|attack_goal_rate_ewm|defence_goal_rate_ewm|defensive_actions_per90_sum_5|elo_difference|elo_expected_result|elo_rating|expected_goals_strength|key_passes_per90_sum_5|opponent_elo_rating|prior_team_matches|rating_mean_5|recent_minutes_sum_5|shots_per90_sum_5|starters_without_full_window|starters_without_history,39,1.088709885241284,0.9620814706274567,0.12662841461382737,0.04981926561237611,0,0.2909568953750281,0.08501636517232283,0.20807380376304643,legacy_player_form|team_strength|opponent_adjusted_form,3
dixon_coles_player_form,team_strength + opponent_adjusted_form + lineup_continuity,adjusted_defensive_actions_lineup_mean_1|adjusted_defensive_actions_lineup_mean_3|adjusted_defensive_actions_lineup_mean_5|adjusted_defensive_actions_lineup_mean_ewm|adjusted_defensive_actions_lineup_mean_std_5|adjusted_defensive_actions_lineup_mean_trend_1_5|adjusted_key_passes_lineup_mean_1|adjusted_key_passes_lineup_mean_3|adjusted_key_passes_lineup_mean_5|adjusted_key_passes_lineup_mean_ewm|adjusted_key_passes_lineup_mean_std_5|adjusted_key_passes_lineup_mean_trend_1_5|adjusted_rating_lineup_mean_1|adjusted_rating_lineup_mean_3|adjusted_rating_lineup_mean_5|adjusted_rating_lineup_mean_ewm|adjusted_rating_lineup_mean_std_5|adjusted_rating_lineup_mean_trend_1_5|adjusted_shots_lineup_mean_1|adjusted_shots_lineup_mean_3|adjusted_shots_lineup_mean_5|adjusted_shots_lineup_mean_ewm|adjusted_shots_lineup_mean_std_5|adjusted_shots_lineup_mean_trend_1_5|attack_goal_rate_ewm|defence_goal_rate_ewm|elo_difference|elo_expected_result|elo_rating|expected_goals_strength|mean_pairwise_prior_minutes|mean_pairwise_prior_starts|missing_regular_starters|new_player_pairs|new_starters|opponent_elo_rating|prior_team_matches|replacement_quality|retained_starters,39,1.09136465599363,0.9620814706274567,0.12928318536617334,0.05363073578530024,0,0.22048329153483714,0.06968090179834426,0.1666439884146025,team_strength|opponent_adjusted_form|lineup_continuity,3
dixon_coles_player_form,team_strength + lineup_continuity + position_and_distribution + recency,adjusted_defensive_actions_lineup_std_across_starters_5|adjusted_key_passes_lineup_std_across_starters_5|adjusted_rating_lineup_std_across_starters_5|adjusted_shots_lineup_std_across_starters_5|attack_goal_rate_ewm|def_adjusted_defensive_actions_5|def_count|def_rating_mean_5|defence_goal_rate_ewm|defensive_actions_per90_lineup_mean_1|defensive_actions_per90_lineup_mean_3|defensive_actions_per90_lineup_mean_ewm|defensive_actions_per90_lineup_mean_trend_1_5|elo_difference|elo_expected_result|elo_rating|expected_goals_strength|fwd_adjusted_shots_5|fwd_count|fwd_rating_mean_5|gk_count|gk_rating_mean_5|gk_saves_per90_5|key_passes_per90_lineup_mean_1|key_passes_per90_lineup_mean_3|key_passes_per90_lineup_mean_ewm|key_passes_per90_lineup_mean_trend_1_5|mean_pairwise_prior_minutes|mean_pairwise_prior_starts|mid_adjusted_key_passes_5|mid_count|mid_rating_mean_5|missing_regular_starters|new_player_pairs|new_starters|opponent_elo_rating|prior_team_matches|rating_lineup_max_5|rating_lineup_mean_1|rating_lineup_mean_3|rating_lineup_mean_ewm|rating_lineup_mean_std_5|rating_lineup_mean_trend_1_5|rating_lineup_min_5|rating_lineup_std_across_starters_5|rating_lineup_top3_mean_5|replacement_quality|retained_starters|shots_per90_lineup_mean_1|shots_per90_lineup_mean_3|shots_per90_lineup_mean_ewm|shots_per90_lineup_mean_trend_1_5,52,1.0920091031316659,0.9620814706274567,0.12992763250420908,0.059464319817581754,0,0.22880044056976123,0.06779859010975171,0.13738219338770233,team_strength|lineup_continuity|position_and_distribution|recency,4
dixon_coles_player_form,team_strength + opponent_adjusted_form,adjusted_defensive_actions_lineup_mean_1|adjusted_defensive_actions_lineup_mean_3|adjusted_defensive_actions_lineup_mean_5|adjusted_defensive_actions_lineup_mean_ewm|adjusted_defensive_actions_lineup_mean_std_5|adjusted_defensive_actions_lineup_mean_trend_1_5|adjusted_key_passes_lineup_mean_1|adjusted_key_passes_lineup_mean_3|adjusted_key_passes_lineup_mean_5|adjusted_key_passes_lineup_mean_ewm|adjusted_key_passes_lineup_mean_std_5|adjusted_key_passes_lineup_mean_trend_1_5|adjusted_rating_lineup_mean_1|adjusted_rating_lineup_mean_3|adjusted_rating_lineup_mean_5|adjusted_rating_lineup_mean_ewm|adjusted_rating_lineup_mean_std_5|adjusted_rating_lineup_mean_trend_1_5|adjusted_shots_lineup_mean_1|adjusted_shots_lineup_mean_3|adjusted_shots_lineup_mean_5|adjusted_shots_lineup_mean_ewm|adjusted_shots_lineup_mean_std_5|adjusted_shots_lineup_mean_trend_1_5|attack_goal_rate_ewm|defence_goal_rate_ewm|elo_difference|elo_expected_result|elo_rating|expected_goals_strength|opponent_elo_rating|prior_team_matches,32,1.092541230962872,0.9620814706274567,0.13045976033541512,0.04994064065065886,0,0.2419121066064469,0.06755064648188028,0.19025758285800806,team_strength|opponent_adjusted_form,2
dixon_coles_player_form,legacy_player_form + team_strength + opponent_adjusted_form + lineup_continuity + position_and_distribution + recency,adjusted_defensive_actions_lineup_mean_1|adjusted_defensive_actions_lineup_mean_3|adjusted_defensive_actions_lineup_mean_5|adjusted_defensive_actions_lineup_mean_ewm|adjusted_defensive_actions_lineup_mean_std_5|adjusted_defensive_actions_lineup_mean_trend_1_5|adjusted_defensive_actions_lineup_std_across_starters_5|adjusted_key_passes_lineup_mean_1|adjusted_key_passes_lineup_mean_3|adjusted_key_passes_lineup_mean_5|adjusted_key_passes_lineup_mean_ewm|adjusted_key_passes_lineup_mean_std_5|adjusted_key_passes_lineup_mean_trend_1_5|adjusted_key_passes_lineup_std_across_starters_5|adjusted_rating_lineup_mean_1|adjusted_rating_lineup_mean_3|adjusted_rating_lineup_mean_5|adjusted_rating_lineup_mean_ewm|adjusted_rating_lineup_mean_std_5|adjusted_rating_lineup_mean_trend_1_5|adjusted_rating_lineup_std_across_starters_5|adjusted_shots_lineup_mean_1|adjusted_shots_lineup_mean_3|adjusted_shots_lineup_mean_5|adjusted_shots_lineup_mean_ewm|adjusted_shots_lineup_mean_std_5|adjusted_shots_lineup_mean_trend_1_5|adjusted_shots_lineup_std_across_starters_5|attack_goal_rate_ewm|def_adjusted_defensive_actions_5|def_count|def_rating_mean_5|defence_goal_rate_ewm|defensive_actions_per90_lineup_mean_1|defensive_actions_per90_lineup_mean_3|defensive_actions_per90_lineup_mean_ewm|defensive_actions_per90_lineup_mean_trend_1_5|defensive_actions_per90_sum_5|elo_difference|elo_expected_result|elo_rating|expected_goals_strength|fwd_adjusted_shots_5|fwd_count|fwd_rating_mean_5|gk_count|gk_rating_mean_5|gk_saves_per90_5|key_passes_per90_lineup_mean_1|key_passes_per90_lineup_mean_3|key_passes_per90_lineup_mean_ewm|key_passes_per90_lineup_mean_trend_1_5|key_passes_per90_sum_5|mean_pairwise_prior_minutes|mean_pairwise_prior_starts|mid_adjusted_key_passes_5|mid_count|mid_rating_mean_5|missing_regular_starters|new_player_pairs|new_starters|opponent_elo_rating|prior_team_matches|rating_lineup_max_5|rating_lineup_mean_1|rating_lineup_mean_3|rating_lineup_mean_ewm|rating_lineup_mean_std_5|rating_lineup_mean_trend_1_5|rating_lineup_min_5|rating_lineup_std_across_starters_5|rating_lineup_top3_mean_5|rating_mean_5|recent_minutes_sum_5|replacement_quality|retained_starters|shots_per90_lineup_mean_1|shots_per90_lineup_mean_3|shots_per90_lineup_mean_ewm|shots_per90_lineup_mean_trend_1_5|shots_per90_sum_5|starters_without_full_window|starters_without_history,83,1.0993606133757414,0.9620814706274567,0.13727914274828476,0.05688337791314109,0,0.27853868217251976,0.08465975110476354,0.19542567699824487,legacy_player_form|team_strength|opponent_adjusted_form|lineup_continuity|position_and_distribution|recency,6
dixon_coles_player_form,team_strength + opponent_adjusted_form + lineup_continuity + position_and_distribution + recency,adjusted_defensive_actions_lineup_mean_1|adjusted_defensive_actions_lineup_mean_3|adjusted_defensive_actions_lineup_mean_5|adjusted_defensive_actions_lineup_mean_ewm|adjusted_defensive_actions_lineup_mean_std_5|adjusted_defensive_actions_lineup_mean_trend_1_5|adjusted_defensive_actions_lineup_std_across_starters_5|adjusted_key_passes_lineup_mean_1|adjusted_key_passes_lineup_mean_3|adjusted_key_passes_lineup_mean_5|adjusted_key_passes_lineup_mean_ewm|adjusted_key_passes_lineup_mean_std_5|adjusted_key_passes_lineup_mean_trend_1_5|adjusted_key_passes_lineup_std_across_starters_5|adjusted_rating_lineup_mean_1|adjusted_rating_lineup_mean_3|adjusted_rating_lineup_mean_5|adjusted_rating_lineup_mean_ewm|adjusted_rating_lineup_mean_std_5|adjusted_rating_lineup_mean_trend_1_5|adjusted_rating_lineup_std_across_starters_5|adjusted_shots_lineup_mean_1|adjusted_shots_lineup_mean_3|adjusted_shots_lineup_mean_5|adjusted_shots_lineup_mean_ewm|adjusted_shots_lineup_mean_std_5|adjusted_shots_lineup_mean_trend_1_5|adjusted_shots_lineup_std_across_starters_5|attack_goal_rate_ewm|def_adjusted_defensive_actions_5|def_count|def_rating_mean_5|defence_goal_rate_ewm|defensive_actions_per90_lineup_mean_1|defensive_actions_per90_lineup_mean_3|defensive_actions_per90_lineup_mean_ewm|defensive_actions_per90_lineup_mean_trend_1_5|elo_difference|elo_expected_result|elo_rating|expected_goals_strength|fwd_adjusted_shots_5|fwd_count|fwd_rating_mean_5|gk_count|gk_rating_mean_5|gk_saves_per90_5|key_passes_per90_lineup_mean_1|key_passes_per90_lineup_mean_3|key_passes_per90_lineup_mean_ewm|key_passes_per90_lineup_mean_trend_1_5|mean_pairwise_prior_minutes|mean_pairwise_prior_starts|mid_adjusted_key_passes_5|mid_count|mid_rating_mean_5|missing_regular_starters|new_player_pairs|new_starters|opponent_elo_rating|prior_team_matches|rating_lineup_max_5|rating_lineup_mean_1|rating_lineup_mean_3|rating_lineup_mean_ewm|rating_lineup_mean_std_5|rating_lineup_mean_trend_1_5|rating_lineup_min_5|rating_lineup_std_across_starters_5|rating_lineup_top3_mean_5|replacement_quality|retained_starters|shots_per90_lineup_mean_1|shots_per90_lineup_mean_3|shots_per90_lineup_mean_ewm|shots_per90_lineup_mean_trend_1_5,76,1.1002979677767908,0.9620814706274567,0.13821649714933412,0.05786654730382803,0,0.26677875940495954,0.08132177016565761,0.18949378038654915,team_strength|opponent_adjusted_form|lineup_continuity|position_and_distribution|recency,5
dixon_coles_player_form,team_strength + opponent_adjusted_form + position_and_distribution + recency,adjusted_defensive_actions_lineup_mean_1|adjusted_defensive_actions_lineup_mean_3|adjusted_defensive_actions_lineup_mean_5|adjusted_defensive_actions_lineup_mean_ewm|adjusted_defensive_actions_lineup_mean_std_5|adjusted_defensive_actions_lineup_mean_trend_1_5|adjusted_defensive_actions_lineup_std_across_starters_5|adjusted_key_passes_lineup_mean_1|adjusted_key_passes_lineup_mean_3|adjusted_key_passes_lineup_mean_5|adjusted_key_passes_lineup_mean_ewm|adjusted_key_passes_lineup_mean_std_5|adjusted_key_passes_lineup_mean_trend_1_5|adjusted_key_passes_lineup_std_across_starters_5|adjusted_rating_lineup_mean_1|adjusted_rating_lineup_mean_3|adjusted_rating_lineup_mean_5|adjusted_rating_lineup_mean_ewm|adjusted_rating_lineup_mean_std_5|adjusted_rating_lineup_mean_trend_1_5|adjusted_rating_lineup_std_across_starters_5|adjusted_shots_lineup_mean_1|adjusted_shots_lineup_mean_3|adjusted_shots_lineup_mean_5|adjusted_shots_lineup_mean_ewm|adjusted_shots_lineup_mean_std_5|adjusted_shots_lineup_mean_trend_1_5|adjusted_shots_lineup_std_across_starters_5|attack_goal_rate_ewm|def_adjusted_defensive_actions_5|def_count|def_rating_mean_5|defence_goal_rate_ewm|defensive_actions_per90_lineup_mean_1|defensive_actions_per90_lineup_mean_3|defensive_actions_per90_lineup_mean_ewm|defensive_actions_per90_lineup_mean_trend_1_5|elo_difference|elo_expected_result|elo_rating|expected_goals_strength|fwd_adjusted_shots_5|fwd_count|fwd_rating_mean_5|gk_count|gk_rating_mean_5|gk_saves_per90_5|key_passes_per90_lineup_mean_1|key_passes_per90_lineup_mean_3|key_passes_per90_lineup_mean_ewm|key_passes_per90_lineup_mean_trend_1_5|mid_adjusted_key_passes_5|mid_count|mid_rating_mean_5|opponent_elo_rating|prior_team_matches|rating_lineup_max_5|rating_lineup_mean_1|rating_lineup_mean_3|rating_lineup_mean_ewm|rating_lineup_mean_std_5|rating_lineup_mean_trend_1_5|rating_lineup_min_5|rating_lineup_std_across_starters_5|rating_lineup_top3_mean_5|shots_per90_lineup_mean_1|shots_per90_lineup_mean_3|shots_per90_lineup_mean_ewm|shots_per90_lineup_mean_trend_1_5,69,1.1015982107534854,0.9620814706274567,0.13951674012602852,0.060605487403585845,0,0.2645765579739159,0.07289593401818495,0.18515050509383643,team_strength|opponent_adjusted_form|position_and_distribution|recency,4
dixon_coles_player_form,team_strength + position_and_distribution + recency,adjusted_defensive_actions_lineup_std_across_starters_5|adjusted_key_passes_lineup_std_across_starters_5|adjusted_rating_lineup_std_across_starters_5|adjusted_shots_lineup_std_across_starters_5|attack_goal_rate_ewm|def_adjusted_defensive_actions_5|def_count|def_rating_mean_5|defence_goal_rate_ewm|defensive_actions_per90_lineup_mean_1|defensive_actions_per90_lineup_mean_3|defensive_actions_per90_lineup_mean_ewm|defensive_actions_per90_lineup_mean_trend_1_5|elo_difference|elo_expected_result|elo_rating|expected_goals_strength|fwd_adjusted_shots_5|fwd_count|fwd_rating_mean_5|gk_count|gk_rating_mean_5|gk_saves_per90_5|key_passes_per90_lineup_mean_1|key_passes_per90_lineup_mean_3|key_passes_per90_lineup_mean_ewm|key_passes_per90_lineup_mean_trend_1_5|mid_adjusted_key_passes_5|mid_count|mid_rating_mean_5|opponent_elo_rating|prior_team_matches|rating_lineup_max_5|rating_lineup_mean_1|rating_lineup_mean_3|rating_lineup_mean_ewm|rating_lineup_mean_std_5|rating_lineup_mean_trend_1_5|rating_lineup_min_5|rating_lineup_std_across_starters_5|rating_lineup_top3_mean_5|shots_per90_lineup_mean_1|shots_per90_lineup_mean_3|shots_per90_lineup_mean_ewm|shots_per90_lineup_mean_trend_1_5,45,1.1064171179319884,0.9620814706274567,0.1443356473045314,0.06366755441526976,0,0.22008104224909952,0.05981039664475139,0.1607358240563485,team_strength|position_and_distribution|recency,3
dixon_coles_player_form,legacy_player_form + team_strength + opponent_adjusted_form + lineup_continuity + position_and_distribution,adjusted_defensive_actions_lineup_mean_1|adjusted_defensive_actions_lineup_mean_3|adjusted_defensive_actions_lineup_mean_5|adjusted_defensive_actions_lineup_mean_ewm|adjusted_defensive_actions_lineup_mean_std_5|adjusted_defensive_actions_lineup_mean_trend_1_5|adjusted_defensive_actions_lineup_std_across_starters_5|adjusted_key_passes_lineup_mean_1|adjusted_key_passes_lineup_mean_3|adjusted_key_passes_lineup_mean_5|adjusted_key_passes_lineup_mean_ewm|adjusted_key_passes_lineup_mean_std_5|adjusted_key_passes_lineup_mean_trend_1_5|adjusted_key_passes_lineup_std_across_starters_5|adjusted_rating_lineup_mean_1|adjusted_rating_lineup_mean_3|adjusted_rating_lineup_mean_5|adjusted_rating_lineup_mean_ewm|adjusted_rating_lineup_mean_std_5|adjusted_rating_lineup_mean_trend_1_5|adjusted_rating_lineup_std_across_starters_5|adjusted_shots_lineup_mean_1|adjusted_shots_lineup_mean_3|adjusted_shots_lineup_mean_5|adjusted_shots_lineup_mean_ewm|adjusted_shots_lineup_mean_std_5|adjusted_shots_lineup_mean_trend_1_5|adjusted_shots_lineup_std_across_starters_5|attack_goal_rate_ewm|def_adjusted_defensive_actions_5|def_count|def_rating_mean_5|defence_goal_rate_ewm|defensive_actions_per90_sum_5|elo_difference|elo_expected_result|elo_rating|expected_goals_strength|fwd_adjusted_shots_5|fwd_count|fwd_rating_mean_5|gk_count|gk_rating_mean_5|gk_saves_per90_5|key_passes_per90_sum_5|mean_pairwise_prior_minutes|mean_pairwise_prior_starts|mid_adjusted_key_passes_5|mid_count|mid_rating_mean_5|missing_regular_starters|new_player_pairs|new_starters|opponent_elo_rating|prior_team_matches|rating_lineup_max_5|rating_lineup_min_5|rating_lineup_std_across_starters_5|rating_lineup_top3_mean_5|rating_mean_5|recent_minutes_sum_5|replacement_quality|retained_starters|shots_per90_sum_5|starters_without_full_window|starters_without_history,66,1.106998343962968,0.9620814706274567,0.14491687333551137,0.060214955657601224,0,0.279818463268404,0.08568889102893879,0.19470871276629056,legacy_player_form|team_strength|opponent_adjusted_form|lineup_continuity|position_and_distribution,5
dixon_coles_player_form,legacy_player_form + team_strength + opponent_adjusted_form + position_and_distribution + recency,adjusted_defensive_actions_lineup_mean_1|adjusted_defensive_actions_lineup_mean_3|adjusted_defensive_actions_lineup_mean_5|adjusted_defensive_actions_lineup_mean_ewm|adjusted_defensive_actions_lineup_mean_std_5|adjusted_defensive_actions_lineup_mean_trend_1_5|adjusted_defensive_actions_lineup_std_across_starters_5|adjusted_key_passes_lineup_mean_1|adjusted_key_passes_lineup_mean_3|adjusted_key_passes_lineup_mean_5|adjusted_key_passes_lineup_mean_ewm|adjusted_key_passes_lineup_mean_std_5|adjusted_key_passes_lineup_mean_trend_1_5|adjusted_key_passes_lineup_std_across_starters_5|adjusted_rating_lineup_mean_1|adjusted_rating_lineup_mean_3|adjusted_rating_lineup_mean_5|adjusted_rating_lineup_mean_ewm|adjusted_rating_lineup_mean_std_5|adjusted_rating_lineup_mean_trend_1_5|adjusted_rating_lineup_std_across_starters_5|adjusted_shots_lineup_mean_1|adjusted_shots_lineup_mean_3|adjusted_shots_lineup_mean_5|adjusted_shots_lineup_mean_ewm|adjusted_shots_lineup_mean_std_5|adjusted_shots_lineup_mean_trend_1_5|adjusted_shots_lineup_std_across_starters_5|attack_goal_rate_ewm|def_adjusted_defensive_actions_5|def_count|def_rating_mean_5|defence_goal_rate_ewm|defensive_actions_per90_lineup_mean_1|defensive_actions_per90_lineup_mean_3|defensive_actions_per90_lineup_mean_ewm|defensive_actions_per90_lineup_mean_trend_1_5|defensive_actions_per90_sum_5|elo_difference|elo_expected_result|elo_rating|expected_goals_strength|fwd_adjusted_shots_5|fwd_count|fwd_rating_mean_5|gk_count|gk_rating_mean_5|gk_saves_per90_5|key_passes_per90_lineup_mean_1|key_passes_per90_lineup_mean_3|key_passes_per90_lineup_mean_ewm|key_passes_per90_lineup_mean_trend_1_5|key_passes_per90_sum_5|mid_adjusted_key_passes_5|mid_count|mid_rating_mean_5|opponent_elo_rating|prior_team_matches|rating_lineup_max_5|rating_lineup_mean_1|rating_lineup_mean_3|rating_lineup_mean_ewm|rating_lineup_mean_std_5|rating_lineup_mean_trend_1_5|rating_lineup_min_5|rating_lineup_std_across_starters_5|rating_lineup_top3_mean_5|rating_mean_5|recent_minutes_sum_5|shots_per90_lineup_mean_1|shots_per90_lineup_mean_3|shots_per90_lineup_mean_ewm|shots_per90_lineup_mean_trend_1_5|shots_per90_sum_5|starters_without_full_window|starters_without_history,76,1.1073542157531,0.9620814706274567,0.1452727451256432,0.0614617259675442,0,0.3022479734298742,0.08900181920325226,0.21192618605210312,legacy_player_form|team_strength|opponent_adjusted_form|position_and_distribution|recency,5
dixon_coles_player_form,team_strength + opponent_adjusted_form + lineup_continuity + position_and_distribution,adjusted_defensive_actions_lineup_mean_1|adjusted_defensive_actions_lineup_mean_3|adjusted_defensive_actions_lineup_mean_5|adjusted_defensive_actions_lineup_mean_ewm|adjusted_defensive_actions_lineup_mean_std_5|adjusted_defensive_actions_lineup_mean_trend_1_5|adjusted_defensive_actions_lineup_std_across_starters_5|adjusted_key_passes_lineup_mean_1|adjusted_key_passes_lineup_mean_3|adjusted_key_passes_lineup_mean_5|adjusted_key_passes_lineup_mean_ewm|adjusted_key_passes_lineup_mean_std_5|adjusted_key_passes_lineup_mean_trend_1_5|adjusted_key_passes_lineup_std_across_starters_5|adjusted_rating_lineup_mean_1|adjusted_rating_lineup_mean_3|adjusted_rating_lineup_mean_5|adjusted_rating_lineup_mean_ewm|adjusted_rating_lineup_mean_std_5|adjusted_rating_lineup_mean_trend_1_5|adjusted_rating_lineup_std_across_starters_5|adjusted_shots_lineup_mean_1|adjusted_shots_lineup_mean_3|adjusted_shots_lineup_mean_5|adjusted_shots_lineup_mean_ewm|adjusted_shots_lineup_mean_std_5|adjusted_shots_lineup_mean_trend_1_5|adjusted_shots_lineup_std_across_starters_5|attack_goal_rate_ewm|def_adjusted_defensive_actions_5|def_count|def_rating_mean_5|defence_goal_rate_ewm|elo_difference|elo_expected_result|elo_rating|expected_goals_strength|fwd_adjusted_shots_5|fwd_count|fwd_rating_mean_5|gk_count|gk_rating_mean_5|gk_saves_per90_5|mean_pairwise_prior_minutes|mean_pairwise_prior_starts|mid_adjusted_key_passes_5|mid_count|mid_rating_mean_5|missing_regular_starters|new_player_pairs|new_starters|opponent_elo_rating|prior_team_matches|rating_lineup_max_5|rating_lineup_min_5|rating_lineup_std_across_starters_5|rating_lineup_top3_mean_5|replacement_quality|retained_starters,59,1.11505811206241,0.9620814706274567,0.1529766414349533,0.06371727580304036,0,0.25819701335145107,0.08874002451781669,0.1839488220870498,team_strength|opponent_adjusted_form|lineup_continuity|position_and_distribution,4
dixon_coles_player_form,legacy_player_form + team_strength + opponent_adjusted_form + position_and_distribution,adjusted_defensive_actions_lineup_mean_1|adjusted_defensive_actions_lineup_mean_3|adjusted_defensive_actions_lineup_mean_5|adjusted_defensive_actions_lineup_mean_ewm|adjusted_defensive_actions_lineup_mean_std_5|adjusted_defensive_actions_lineup_mean_trend_1_5|adjusted_defensive_actions_lineup_std_across_starters_5|adjusted_key_passes_lineup_mean_1|adjusted_key_passes_lineup_mean_3|adjusted_key_passes_lineup_mean_5|adjusted_key_passes_lineup_mean_ewm|adjusted_key_passes_lineup_mean_std_5|adjusted_key_passes_lineup_mean_trend_1_5|adjusted_key_passes_lineup_std_across_starters_5|adjusted_rating_lineup_mean_1|adjusted_rating_lineup_mean_3|adjusted_rating_lineup_mean_5|adjusted_rating_lineup_mean_ewm|adjusted_rating_lineup_mean_std_5|adjusted_rating_lineup_mean_trend_1_5|adjusted_rating_lineup_std_across_starters_5|adjusted_shots_lineup_mean_1|adjusted_shots_lineup_mean_3|adjusted_shots_lineup_mean_5|adjusted_shots_lineup_mean_ewm|adjusted_shots_lineup_mean_std_5|adjusted_shots_lineup_mean_trend_1_5|adjusted_shots_lineup_std_across_starters_5|attack_goal_rate_ewm|def_adjusted_defensive_actions_5|def_count|def_rating_mean_5|defence_goal_rate_ewm|defensive_actions_per90_sum_5|elo_difference|elo_expected_result|elo_rating|expected_goals_strength|fwd_adjusted_shots_5|fwd_count|fwd_rating_mean_5|gk_count|gk_rating_mean_5|gk_saves_per90_5|key_passes_per90_sum_5|mid_adjusted_key_passes_5|mid_count|mid_rating_mean_5|opponent_elo_rating|prior_team_matches|rating_lineup_max_5|rating_lineup_min_5|rating_lineup_std_across_starters_5|rating_lineup_top3_mean_5|rating_mean_5|recent_minutes_sum_5|shots_per90_sum_5|starters_without_full_window|starters_without_history,59,1.1163438527936218,0.9620814706274567,0.15426238216616522,0.06441646756458194,0,0.3135442076171231,0.09066405405765626,0.21788346177291398,legacy_player_form|team_strength|opponent_adjusted_form|position_and_distribution,4
dixon_coles_player_form,team_strength + opponent_adjusted_form + position_and_distribution,adjusted_defensive_actions_lineup_mean_1|adjusted_defensive_actions_lineup_mean_3|adjusted_defensive_actions_lineup_mean_5|adjusted_defensive_actions_lineup_mean_ewm|adjusted_defensive_actions_lineup_mean_std_5|adjusted_defensive_actions_lineup_mean_trend_1_5|adjusted_defensive_actions_lineup_std_across_starters_5|adjusted_key_passes_lineup_mean_1|adjusted_key_passes_lineup_mean_3|adjusted_key_passes_lineup_mean_5|adjusted_key_passes_lineup_mean_ewm|adjusted_key_passes_lineup_mean_std_5|adjusted_key_passes_lineup_mean_trend_1_5|adjusted_key_passes_lineup_std_across_starters_5|adjusted_rating_lineup_mean_1|adjusted_rating_lineup_mean_3|adjusted_rating_lineup_mean_5|adjusted_rating_lineup_mean_ewm|adjusted_rating_lineup_mean_std_5|adjusted_rating_lineup_mean_trend_1_5|adjusted_rating_lineup_std_across_starters_5|adjusted_shots_lineup_mean_1|adjusted_shots_lineup_mean_3|adjusted_shots_lineup_mean_5|adjusted_shots_lineup_mean_ewm|adjusted_shots_lineup_mean_std_5|adjusted_shots_lineup_mean_trend_1_5|adjusted_shots_lineup_std_across_starters_5|attack_goal_rate_ewm|def_adjusted_defensive_actions_5|def_count|def_rating_mean_5|defence_goal_rate_ewm|elo_difference|elo_expected_result|elo_rating|expected_goals_strength|fwd_adjusted_shots_5|fwd_count|fwd_rating_mean_5|gk_count|gk_rating_mean_5|gk_saves_per90_5|mid_adjusted_key_passes_5|mid_count|mid_rating_mean_5|opponent_elo_rating|prior_team_matches|rating_lineup_max_5|rating_lineup_min_5|rating_lineup_std_across_starters_5|rating_lineup_top3_mean_5,52,1.1193886677228329,0.9620814706274567,0.15730719709537597,0.06619226735944428,0,0.2663675570977879,0.07896311631373872,0.1908052264217672,team_strength|opponent_adjusted_form|position_and_distribution,3
